Transaction_ID,Company_ID,Product_ID,Quantity,Transaction_Date,Product_Price,Total_Cost
1.0,88.0,6.0,10.63,2024-03-26 00:00:00,194379.15,2065480.36
3.0,28.0,18.0,6.0,2024-04-13 00:00:00,126095.55,756573.29
4.0,85.0,12.0,12.0,2023-09-06 00:00:00,84000.0,1008000.0
5.0,47.0,3.0,8.0,2021-07-06 00:00:00,99575.61,796604.88
6.0,80.0,11.0,4.0,2021-07-12 00:00:00,160658.68,642634.7
11.0,6.0,16.0,6.0,2024-01-12 00:00:00,98263.85,589583.1
17.0,27.0,12.0,16.0,2022-09-27 00:00:00,85093.64,1361498.18
18.0,57.0,10.0,6.0,2022-07-10 00:00:00,89600.0,537600.0
21.0,88.0,13.0,10.73,2024-09-08 00:00:00,210759.8,2261343.77
24.0,70.0,1.0,19.0,2021-05-03 00:00:00,145162.1,2758079.85
25.0,79.0,19.0,3.0,2023-03-24 00:00:00,102391.23,307173.68
26.0,93.0,9.0,10.46,2021-09-21 00:00:00,112000.0,1171248.48
32.0,23.0,7.0,10.41,2022-10-10 00:00:00,158091.29,1645861.21
33.0,8.0,20.0,10.0,2021-10-01 00:00:00,241093.14,2410931.44
34.0,92.0,8.0,11.0,2024-02-27 00:00:00,141578.71,1557365.82
36.0,71.0,20.0,3.0,2022-05-19 00:00:00,224000.0,672000.0
38.0,67.0,2.0,13.0,2024-08-05 00:00:00,184039.02,2392507.29
39.0,20.0,1.0,12.0,2024-05-22 00:00:00,148830.09,1785961.14
43.0,91.0,6.0,13.0,2022-10-31 00:00:00,187921.97,2442985.62
44.0,87.0,13.0,11.0,2021-08-05 00:00:00,196000.0,2156000.0
45.0,36.0,9.0,10.0,2024-08-26 00:00:00,116233.1,1162331.05
47.0,50.0,18.0,11.0,2024-03-14 00:00:00,141498.9,1556487.9
51.0,27.0,2.0,19.0,2024-08-04 00:00:00,169702.41,3224345.71
54.0,19.0,10.0,10.0,2023-08-24 00:00:00,89600.0,896000.0
58.0,28.0,2.0,16.0,2024-09-09 00:00:00,184595.1,2953521.67
59.0,54.0,1.0,9.89,2021-07-19 00:00:00,140359.08,1388677.68
60.0,94.0,1.0,4.0,2022-06-09 00:00:00,130046.13,520184.54
61.0,71.0,7.0,15.0,2021-11-10 00:00:00,161848.41,2427726.18
62.0,30.0,2.0,7.0,2024-01-01 00:00:00,154604.61,1082232.24
63.0,95.0,17.0,16.0,2021-08-03 00:00:00,160744.74,2571915.88
65.0,5.0,2.0,3.0,2022-12-21 00:00:00,170103.5,510310.49
68.0,82.0,19.0,5.0,2024-09-19 00:00:00,98348.1,491740.49
71.0,48.0,13.0,18.0,2020-11-16 00:00:00,196000.0,3528000.0
74.0,44.0,17.0,5.0,2022-05-09 00:00:00,156408.65,782043.25
75.0,51.0,3.0,4.0,2024-02-12 00:00:00,102820.94,411283.75
76.0,12.0,2.0,5.0,2023-03-02 00:00:00,175224.47,876122.36
77.0,17.0,4.0,9.0,2022-02-26 00:00:00,134913.47,1214221.25
78.0,85.0,14.0,10.57,2021-11-13 00:00:00,131147.89,1386791.54
79.0,66.0,4.0,10.76,2023-09-14 00:00:00,112998.06,1215381.77
80.0,91.0,18.0,17.0,2021-09-10 00:00:00,147779.85,2512257.46
81.0,61.0,15.0,10.0,2024-05-26 00:00:00,105434.58,1054345.76
83.0,67.0,14.0,13.0,2021-12-24 00:00:00,141571.51,1840429.67
88.0,49.0,4.0,5.0,2022-11-07 00:00:00,123200.0,616000.0
93.0,41.0,16.0,4.0,2023-04-04 00:00:00,108901.64,435606.57
97.0,57.0,13.0,20.0,2023-11-26 00:00:00,206794.28,4135885.61
104.0,7.0,19.0,9.0,2022-09-22 00:00:00,96246.31,866216.83
106.0,86.0,11.0,11.06,2022-08-28 00:00:00,163097.19,1803968.1
108.0,77.0,8.0,3.0,2022-11-06 00:00:00,137641.76,412925.28
109.0,75.0,3.0,1.0,2024-10-14 00:00:00,105417.36,105417.36
111.0,66.0,8.0,10.0,2022-08-19 00:00:00,151641.79,1516417.93
112.0,38.0,9.0,18.0,2021-08-11 00:00:00,101680.83,1830254.88
113.0,7.0,13.0,18.0,2021-01-27 00:00:00,191376.32,3444773.7
114.0,51.0,10.0,10.42,2024-01-21 00:00:00,84500.05,880759.97
115.0,35.0,20.0,12.0,2022-05-04 00:00:00,218875.35,2626504.22
116.0,13.0,12.0,17.0,2021-01-12 00:00:00,82159.19,1396706.25
117.0,61.0,7.0,9.0,2020-12-01 00:00:00,151139.16,1360252.4
118.0,54.0,17.0,2.0,2023-03-02 00:00:00,176448.56,352897.13
119.0,36.0,20.0,18.0,2022-05-02 00:00:00,224000.0,4032000.0
120.0,38.0,9.0,6.0,2024-02-06 00:00:00,115681.41,694088.48
121.0,70.0,16.0,16.0,2022-11-15 00:00:00,108641.62,1738265.87
123.0,79.0,6.0,18.0,2020-11-16 00:00:00,183310.21,3299583.74
124.0,19.0,15.0,14.0,2024-04-30 00:00:00,92213.84,1290993.82
125.0,29.0,17.0,12.0,2020-11-01 00:00:00,170160.19,2041922.31
128.0,32.0,7.0,19.0,2023-12-06 00:00:00,144758.72,2750415.74
133.0,98.0,3.0,9.0,2024-03-24 00:00:00,97574.64,878171.78
134.0,51.0,15.0,3.0,2023-05-02 00:00:00,107741.13,323223.39
142.0,49.0,13.0,17.0,2024-05-24 00:00:00,180318.09,3065407.56
145.0,78.0,14.0,18.0,2020-11-11 00:00:00,136794.23,2462296.11
146.0,82.0,11.0,0.0,2024-05-10 00:00:00,144109.21,0.0
148.0,84.0,4.0,18.0,2023-03-10 00:00:00,126765.34,2281776.1
149.0,62.0,12.0,18.0,2021-10-30 00:00:00,85902.83,1546250.92
150.0,80.0,12.0,21.0,2024-01-09 00:00:00,87207.9,1831365.87
151.0,71.0,17.0,9.0,2021-10-09 00:00:00,170989.53,1538905.8
152.0,14.0,13.0,9.0,2024-01-11 00:00:00,208430.23,1875872.04
153.0,53.0,14.0,5.0,2024-08-01 00:00:00,118864.34,594321.7
154.0,90.0,20.0,9.0,2024-03-23 00:00:00,207435.31,1866917.75
159.0,95.0,3.0,6.0,2023-06-18 00:00:00,110717.1,664302.62
160.0,55.0,11.0,4.0,2023-10-19 00:00:00,162599.64,650398.55
164.0,57.0,16.0,5.0,2023-06-25 00:00:00,96094.06,480470.29
167.0,80.0,9.0,15.0,2024-01-10 00:00:00,106817.1,1602256.46
168.0,37.0,14.0,5.0,2021-02-05 00:00:00,141345.31,706726.57
170.0,75.0,2.0,8.0,2024-10-03 00:00:00,183736.97,1469895.79
172.0,68.0,2.0,3.0,2023-06-10 00:00:00,157598.61,472795.84
175.0,16.0,17.0,3.0,2023-09-15 00:00:00,172265.8,516797.41
182.0,37.0,16.0,13.0,2021-08-28 00:00:00,108594.79,1411732.31
183.0,26.0,11.0,3.0,2022-10-10 00:00:00,154776.32,464328.95
186.0,91.0,2.0,10.58,2021-02-16 00:00:00,169460.61,1792470.92
191.0,92.0,14.0,10.57,2022-04-10 00:00:00,134999.1,1427515.21
192.0,57.0,11.0,9.0,2023-04-07 00:00:00,170576.62,1535189.54
193.0,91.0,3.0,21.0,2023-05-11 00:00:00,100800.0,2116800.0
194.0,80.0,2.0,10.58,2022-06-13 00:00:00,176375.15,1865609.48
198.0,19.0,11.0,9.0,2023-09-30 00:00:00,148443.11,1335988.02
200.0,82.0,10.0,6.0,2022-05-14 00:00:00,94861.93,569171.6
201.0,67.0,14.0,4.0,2022-10-18 00:00:00,128800.0,515200.0
202.0,24.0,16.0,8.0,2022-01-17 00:00:00,112236.1,897888.78
204.0,70.0,8.0,16.0,2021-12-22 00:00:00,151200.0,2419200.0
205.0,12.0,20.0,8.0,2022-11-27 00:00:00,223852.34,1790818.76
208.0,46.0,20.0,16.0,2023-12-10 00:00:00,209254.8,3348076.82
209.0,45.0,6.0,10.63,2023-06-14 00:00:00,181652.85,1930250.26
212.0,87.0,13.0,16.0,2021-01-23 00:00:00,211328.06,3381248.95
214.0,34.0,6.0,7.0,2024-07-14 00:00:00,183081.41,1281569.87
217.0,37.0,20.0,2.0,2022-11-09 00:00:00,213890.42,427780.84
220.0,74.0,18.0,11.0,2021-02-10 00:00:00,137928.05,1517208.59
221.0,33.0,8.0,15.0,2022-07-02 00:00:00,137983.87,2069758.12
222.0,6.0,3.0,9.0,2021-10-21 00:00:00,95264.5,857380.52
223.0,41.0,8.0,12.0,2021-07-14 00:00:00,138968.39,1667620.63
224.0,32.0,3.0,17.0,2021-03-04 00:00:00,93527.22,1589962.67
226.0,18.0,16.0,14.0,2023-08-31 00:00:00,113497.56,1588965.84
227.0,19.0,14.0,2.0,2024-02-17 00:00:00,128800.0,257600.0
231.0,78.0,3.0,11.0,2021-06-11 00:00:00,99262.92,1091892.1
232.0,40.0,18.0,6.0,2023-07-04 00:00:00,131496.98,788981.86
233.0,78.0,2.0,10.0,2024-08-08 00:00:00,158952.82,1589528.21
236.0,30.0,3.0,10.0,2021-06-13 00:00:00,108277.85,1082778.52
237.0,83.0,18.0,4.0,2023-11-30 00:00:00,133002.42,532009.67
239.0,96.0,1.0,15.0,2022-07-11 00:00:00,144531.36,2167970.38
240.0,27.0,14.0,15.0,2021-09-02 00:00:00,140781.5,2111722.45
243.0,100.0,14.0,6.0,2024-10-16 00:00:00,131782.42,790694.54
244.0,89.0,7.0,10.41,2022-11-24 00:00:00,142908.62,1487797.1
247.0,90.0,18.0,9.0,2022-02-03 00:00:00,128265.16,1154386.45
249.0,99.0,3.0,19.0,2021-09-26 00:00:00,90882.3,1726763.76
250.0,37.0,17.0,17.0,2024-09-21 00:00:00,172537.18,2933132.06
253.0,99.0,6.0,4.0,2022-02-13 00:00:00,179200.0,716800.0
254.0,81.0,15.0,0.0,2021-07-31 00:00:00,104019.91,0.0
257.0,8.0,8.0,19.0,2023-10-07 00:00:00,140193.15,2663669.88
259.0,96.0,1.0,5.0,2022-09-21 00:00:00,136238.14,681190.72
262.0,2.0,13.0,7.0,2021-11-21 00:00:00,177116.55,1239815.83
263.0,44.0,18.0,5.0,2021-04-07 00:00:00,134400.0,672000.0
264.0,5.0,1.0,6.0,2024-01-18 00:00:00,140000.0,840000.0
265.0,34.0,10.0,20.0,2021-10-18 00:00:00,97942.94,1958858.88
267.0,71.0,13.0,13.0,2023-08-15 00:00:00,196000.0,2548000.0
268.0,68.0,15.0,12.0,2024-08-17 00:00:00,100800.0,1209600.0
270.0,15.0,12.0,5.0,2022-12-05 00:00:00,78446.15,392230.75
273.0,100.0,12.0,10.4,2024-03-19 00:00:00,78146.35,813017.91
274.0,2.0,10.0,4.0,2021-07-19 00:00:00,90165.94,360663.77
276.0,65.0,6.0,13.0,2023-10-26 00:00:00,169303.07,2200939.88
278.0,84.0,2.0,17.0,2023-08-01 00:00:00,171267.95,2911555.13
285.0,88.0,19.0,10.3,2021-12-12 00:00:00,92585.62,953248.4
286.0,75.0,15.0,3.0,2022-09-03 00:00:00,107770.55,323311.64
290.0,96.0,14.0,10.57,2024-03-07 00:00:00,135237.9,1430040.36
292.0,97.0,14.0,7.0,2023-07-20 00:00:00,120434.78,843043.46
294.0,80.0,6.0,15.0,2024-01-31 00:00:00,194779.14,2921687.12
296.0,68.0,13.0,16.0,2022-11-17 00:00:00,210348.92,3365582.76
299.0,10.0,12.0,4.0,2023-09-02 00:00:00,91571.69,366286.75
301.0,23.0,8.0,10.0,2024-03-12 00:00:00,165996.9,1659969.05
302.0,61.0,5.0,8.0,2024-04-11 00:00:00,89666.52,717332.18
303.0,64.0,5.0,9.0,2024-10-01 00:00:00,76620.77,689586.9
304.0,16.0,19.0,14.0,2021-03-26 00:00:00,102502.18,1435030.52
306.0,85.0,9.0,5.0,2022-01-12 00:00:00,117535.79,587678.95
308.0,82.0,13.0,11.0,2021-03-05 00:00:00,179863.35,1978496.84
310.0,90.0,20.0,2.0,2023-12-15 00:00:00,241461.37,482922.75
312.0,57.0,5.0,10.33,2023-12-16 00:00:00,91881.95,949059.1
320.0,93.0,10.0,11.0,2022-10-04 00:00:00,96047.73,1056525.04
321.0,30.0,15.0,7.0,2022-11-24 00:00:00,109446.56,766125.91
328.0,34.0,19.0,10.3,2024-07-18 00:00:00,97158.74,1000332.61
329.0,41.0,9.0,15.0,2024-05-09 00:00:00,112494.7,1687420.43
330.0,23.0,2.0,18.0,2021-02-17 00:00:00,154294.77,2777305.78
334.0,60.0,10.0,1.0,2021-02-03 00:00:00,85528.45,85528.45
336.0,2.0,5.0,15.0,2021-12-15 00:00:00,85929.97,1288949.57
338.0,90.0,9.0,5.0,2023-09-17 00:00:00,116048.83,580244.15
340.0,97.0,7.0,14.0,2023-06-03 00:00:00,148783.99,2082975.92
350.0,74.0,8.0,3.0,2021-05-31 00:00:00,146716.47,440149.42
351.0,27.0,1.0,12.0,2023-04-03 00:00:00,143468.38,1721620.54
354.0,45.0,3.0,19.0,2023-05-10 00:00:00,96333.82,1830342.52
361.0,93.0,3.0,20.0,2022-11-16 00:00:00,91156.79,1823135.88
362.0,70.0,15.0,13.0,2021-09-02 00:00:00,107991.28,1403886.62
364.0,12.0,4.0,10.76,2022-10-11 00:00:00,117303.57,1261690.87
365.0,9.0,7.0,12.0,2022-07-21 00:00:00,144951.18,1739414.13
367.0,21.0,8.0,9.0,2023-05-04 00:00:00,136598.17,1229383.53
369.0,23.0,6.0,8.0,2022-01-28 00:00:00,180208.39,1441667.15
370.0,75.0,16.0,14.0,2023-04-08 00:00:00,114419.87,1601878.15
371.0,60.0,10.0,12.0,2021-09-06 00:00:00,91322.25,1095867.01
377.0,24.0,17.0,19.0,2021-06-30 00:00:00,183313.34,3482953.55
378.0,60.0,6.0,7.0,2023-03-03 00:00:00,190095.19,1330666.34
379.0,79.0,20.0,13.0,2023-04-03 00:00:00,228690.94,2972982.28
381.0,45.0,6.0,14.0,2022-04-16 00:00:00,193178.04,2704492.6
386.0,74.0,7.0,18.0,2021-12-11 00:00:00,151200.0,2721600.0
387.0,83.0,14.0,10.57,2024-01-17 00:00:00,117567.96,1243193.85
390.0,31.0,18.0,0.0,2024-04-17 00:00:00,145861.46,0.0
391.0,55.0,4.0,8.0,2021-01-07 00:00:00,112858.9,902871.16
394.0,96.0,5.0,8.0,2021-01-27 00:00:00,75705.21,605641.69
395.0,81.0,11.0,13.0,2021-10-18 00:00:00,162373.48,2110855.2
396.0,73.0,14.0,7.0,2021-10-19 00:00:00,130692.87,914850.06
397.0,3.0,18.0,20.0,2024-02-11 00:00:00,146532.51,2930650.16
398.0,67.0,19.0,3.0,2024-11-08 00:00:00,85879.18,257637.55
400.0,91.0,20.0,10.85,2022-12-23 00:00:00,209887.12,2276957.19
401.0,25.0,11.0,10.0,2022-01-02 00:00:00,150549.13,1505491.29
402.0,40.0,15.0,17.0,2021-01-25 00:00:00,106473.56,1810050.48
403.0,31.0,2.0,10.58,2021-02-27 00:00:00,183010.27,1935792.51
404.0,3.0,8.0,6.0,2023-10-03 00:00:00,155935.46,935612.75
408.0,77.0,8.0,7.0,2022-06-26 00:00:00,145678.09,1019746.6
411.0,83.0,14.0,20.0,2022-06-27 00:00:00,141512.84,2830256.87
413.0,66.0,6.0,14.0,2022-11-08 00:00:00,195891.0,2742473.99
418.0,53.0,20.0,18.0,2023-05-08 00:00:00,224935.86,4048845.51
425.0,61.0,10.0,9.0,2023-12-08 00:00:00,83380.99,750428.89
427.0,50.0,13.0,4.0,2024-09-18 00:00:00,201636.08,806544.3
430.0,83.0,7.0,4.0,2022-06-05 00:00:00,155287.79,621151.18
431.0,35.0,10.0,10.42,2023-06-13 00:00:00,89600.0,933917.68
432.0,65.0,7.0,7.0,2023-03-16 00:00:00,158094.62,1106662.32
433.0,82.0,10.0,2.0,2022-04-07 00:00:00,85186.26,170372.52
436.0,38.0,12.0,5.0,2024-05-06 00:00:00,78457.88,392289.38
438.0,25.0,14.0,8.0,2022-07-10 00:00:00,132068.61,1056548.88
440.0,42.0,9.0,10.46,2022-03-03 00:00:00,101884.58,1065465.68
442.0,41.0,12.0,17.0,2022-05-18 00:00:00,82487.52,1402287.88
446.0,19.0,15.0,19.0,2021-04-26 00:00:00,102232.38,1942415.14
450.0,25.0,7.0,13.0,2023-07-27 00:00:00,139914.76,1818891.85
452.0,81.0,9.0,4.0,2022-11-09 00:00:00,115869.65,463478.59
454.0,20.0,7.0,17.0,2022-06-12 00:00:00,155678.46,2646533.9
458.0,44.0,11.0,15.0,2021-10-31 00:00:00,167102.86,2506542.89
462.0,70.0,12.0,16.0,2023-08-31 00:00:00,83296.34,1332741.42
463.0,84.0,4.0,10.76,2022-04-17 00:00:00,123200.0,1325111.55
465.0,62.0,7.0,3.0,2022-09-16 00:00:00,163419.63,490258.89
468.0,57.0,12.0,3.0,2020-11-21 00:00:00,87951.64,263854.91
470.0,31.0,5.0,18.0,2024-04-17 00:00:00,85837.87,1545081.69
474.0,65.0,4.0,10.76,2024-10-20 00:00:00,116961.36,1258010.09
475.0,29.0,7.0,7.0,2021-06-24 00:00:00,144184.92,1009294.42
477.0,25.0,15.0,19.0,2022-07-09 00:00:00,110264.69,2095029.06
485.0,9.0,9.0,9.0,2021-09-29 00:00:00,121987.69,1097889.19
487.0,26.0,11.0,10.0,2021-09-25 00:00:00,156800.0,1568000.0
488.0,79.0,12.0,15.0,2022-11-15 00:00:00,87081.21,1306218.14
490.0,24.0,3.0,10.05,2022-10-02 00:00:00,106247.07,1067675.87
494.0,57.0,10.0,10.42,2022-05-09 00:00:00,83105.38,866223.07
499.0,31.0,11.0,11.06,2023-04-03 00:00:00,161628.54,1787723.8
501.0,48.0,12.0,3.0,2024-02-19 00:00:00,92372.45,277117.34
503.0,59.0,5.0,6.0,2021-07-20 00:00:00,90295.91,541775.47
508.0,76.0,13.0,5.0,2023-03-16 00:00:00,190133.48,950667.39
510.0,61.0,2.0,20.0,2023-09-16 00:00:00,168000.0,3360000.0
512.0,91.0,8.0,11.0,2021-08-14 00:00:00,146295.25,1609247.78
513.0,31.0,9.0,12.0,2021-06-15 00:00:00,117519.21,1410230.53
515.0,39.0,17.0,16.0,2021-07-09 00:00:00,168000.0,2688000.0
516.0,97.0,18.0,6.0,2024-03-12 00:00:00,126969.72,761818.34
517.0,4.0,12.0,11.0,2022-08-11 00:00:00,84000.0,924000.0
518.0,73.0,7.0,18.0,2021-07-03 00:00:00,150348.33,2706269.89
521.0,44.0,16.0,17.0,2022-06-07 00:00:00,100948.8,1716129.56
526.0,38.0,20.0,13.0,2023-02-10 00:00:00,229308.28,2981007.59
527.0,30.0,10.0,7.0,2023-11-21 00:00:00,89239.95,624679.64
529.0,75.0,20.0,14.0,2022-03-11 00:00:00,222857.57,3120006.01
531.0,52.0,19.0,13.0,2021-02-09 00:00:00,103924.49,1351018.32
532.0,72.0,3.0,2.0,2024-04-28 00:00:00,101232.01,202464.01
534.0,37.0,9.0,5.0,2024-11-10 00:00:00,121950.76,609753.81
544.0,46.0,12.0,8.0,2021-04-08 00:00:00,77452.67,619621.38
546.0,71.0,13.0,18.0,2022-09-30 00:00:00,208697.62,3756557.18
548.0,42.0,9.0,1.0,2023-08-20 00:00:00,113423.26,113423.26
550.0,26.0,15.0,17.0,2023-01-15 00:00:00,98507.66,1674630.25
552.0,60.0,4.0,14.0,2022-12-20 00:00:00,117183.67,1640571.42
553.0,5.0,14.0,8.0,2022-06-26 00:00:00,124308.01,994464.09
554.0,98.0,2.0,4.0,2024-07-19 00:00:00,172417.08,689668.31
555.0,99.0,1.0,9.89,2023-06-10 00:00:00,127316.37,1259636.31
562.0,87.0,10.0,6.0,2023-05-08 00:00:00,87740.0,526440.02
563.0,65.0,7.0,19.0,2020-12-17 00:00:00,162536.64,3088196.08
567.0,95.0,10.0,10.42,2023-05-01 00:00:00,90668.85,945058.51
570.0,81.0,4.0,8.0,2021-12-24 00:00:00,122170.78,977366.22
572.0,47.0,5.0,1.0,2022-05-03 00:00:00,78413.06,78413.06
574.0,71.0,11.0,10.0,2024-04-07 00:00:00,158075.94,1580759.37
575.0,18.0,3.0,7.0,2023-07-11 00:00:00,101028.66,707200.61
577.0,66.0,17.0,3.0,2020-11-16 00:00:00,176768.55,530305.65
579.0,41.0,1.0,9.0,2022-04-12 00:00:00,152410.87,1371697.8
584.0,27.0,11.0,7.0,2023-12-25 00:00:00,153991.99,1077943.9
585.0,7.0,1.0,9.89,2022-02-18 00:00:00,150103.56,1485087.11
588.0,5.0,4.0,4.0,2022-12-21 00:00:00,130001.66,520006.64
590.0,61.0,8.0,10.0,2024-09-05 00:00:00,160076.45,1600764.51
595.0,52.0,7.0,12.0,2021-10-15 00:00:00,149191.8,1790301.55
596.0,8.0,10.0,6.0,2021-11-24 00:00:00,87711.46,526268.75
597.0,5.0,20.0,12.0,2021-08-15 00:00:00,211476.81,2537721.68
600.0,76.0,5.0,12.0,2023-04-08 00:00:00,82466.56,989598.67
604.0,18.0,18.0,1.0,2022-08-08 00:00:00,134469.43,134469.43
605.0,66.0,11.0,20.0,2024-03-10 00:00:00,145932.46,2918649.22
606.0,25.0,13.0,15.0,2023-04-07 00:00:00,196614.03,2949210.42
608.0,78.0,15.0,18.0,2022-04-15 00:00:00,98763.05,1777734.82
612.0,25.0,13.0,13.0,2024-05-19 00:00:00,206668.6,2686691.79
617.0,3.0,16.0,4.0,2023-03-16 00:00:00,105112.55,420450.18
619.0,48.0,1.0,12.0,2024-08-04 00:00:00,149596.18,1795154.15
623.0,29.0,2.0,10.58,2023-02-15 00:00:00,168214.21,1779287.08
625.0,85.0,10.0,14.0,2022-02-18 00:00:00,89600.0,1254400.0
626.0,60.0,3.0,5.0,2023-07-11 00:00:00,91779.78,458898.88
627.0,98.0,13.0,16.0,2022-06-19 00:00:00,199048.52,3184776.32
632.0,86.0,16.0,17.0,2020-10-31 00:00:00,100844.13,1714350.23
633.0,77.0,3.0,15.0,2021-02-09 00:00:00,102206.22,1533093.25
635.0,84.0,3.0,11.0,2023-09-21 00:00:00,96519.47,1061714.22
636.0,75.0,11.0,13.0,2023-08-11 00:00:00,169947.97,2209323.59
637.0,20.0,13.0,10.73,2023-07-04 00:00:00,185011.69,1985079.85
644.0,92.0,3.0,2.0,2022-09-28 00:00:00,106745.73,213491.46
645.0,67.0,20.0,2.0,2022-04-08 00:00:00,214481.28,428962.56
646.0,11.0,2.0,14.0,2022-03-14 00:00:00,153028.19,2142394.71
649.0,70.0,12.0,7.0,2024-07-13 00:00:00,84000.0,588000.0
651.0,74.0,9.0,15.0,2024-06-03 00:00:00,101538.05,1523070.72
653.0,35.0,2.0,20.0,2024-07-28 00:00:00,162666.37,3253327.49
655.0,26.0,10.0,10.0,2023-08-28 00:00:00,92322.0,923220.03
656.0,54.0,2.0,18.0,2020-11-17 00:00:00,168000.0,3024000.0
657.0,89.0,4.0,19.0,2021-08-25 00:00:00,117534.1,2233147.99
660.0,94.0,19.0,4.0,2021-07-17 00:00:00,86249.61,344998.45
661.0,85.0,12.0,15.0,2024-08-18 00:00:00,87804.28,1317064.16
664.0,7.0,4.0,8.0,2024-03-10 00:00:00,123698.01,989584.04
665.0,92.0,11.0,4.0,2023-01-14 00:00:00,141385.29,565541.15
667.0,100.0,18.0,11.0,2021-01-20 00:00:00,145879.87,1604678.57
668.0,64.0,15.0,9.0,2021-02-05 00:00:00,109712.08,987408.68
670.0,3.0,8.0,12.0,2024-04-03 00:00:00,147153.4,1765840.83
671.0,81.0,8.0,10.0,2023-09-03 00:00:00,152105.48,1521054.78
677.0,49.0,6.0,16.0,2023-04-16 00:00:00,173814.06,2781024.99
682.0,41.0,18.0,19.0,2022-05-07 00:00:00,125844.28,2391041.27
683.0,24.0,2.0,4.0,2022-05-09 00:00:00,169809.98,679239.91
686.0,92.0,10.0,10.0,2024-02-01 00:00:00,83092.58,830925.77
689.0,79.0,9.0,18.0,2023-01-29 00:00:00,113288.36,2039190.52
691.0,13.0,1.0,5.0,2022-01-25 00:00:00,141296.9,706484.5
693.0,80.0,14.0,4.0,2022-03-18 00:00:00,117496.89,469987.57
694.0,57.0,17.0,10.97,2021-05-31 00:00:00,177391.62,1945932.27
699.0,57.0,17.0,8.0,2022-10-19 00:00:00,178910.47,1431283.76
700.0,49.0,5.0,19.0,2022-09-27 00:00:00,81505.75,1548609.22
701.0,37.0,16.0,0.0,2022-12-12 00:00:00,108882.3,0.0
702.0,36.0,2.0,14.0,2024-03-05 00:00:00,171159.19,2396228.71
703.0,3.0,6.0,12.0,2022-02-11 00:00:00,165611.82,1987341.8
704.0,85.0,6.0,11.0,2021-06-13 00:00:00,184991.88,2034910.66
705.0,8.0,15.0,16.0,2022-04-03 00:00:00,95671.39,1530742.23
706.0,87.0,7.0,2.0,2024-07-20 00:00:00,165775.69,331551.37
707.0,21.0,17.0,13.0,2021-05-20 00:00:00,151797.41,1973366.36
708.0,6.0,19.0,10.3,2023-01-10 00:00:00,95200.0,980165.68
711.0,68.0,18.0,10.97,2023-02-03 00:00:00,125724.32,1379804.62
714.0,98.0,17.0,11.0,2023-02-05 00:00:00,154712.02,1701832.25
715.0,6.0,9.0,18.0,2022-05-11 00:00:00,111382.04,2004876.77
719.0,81.0,4.0,18.0,2024-05-13 00:00:00,116961.59,2105308.61
720.0,7.0,13.0,8.0,2024-04-19 00:00:00,185407.64,1483261.15
723.0,56.0,15.0,9.97,2021-04-29 00:00:00,107590.71,1073121.59
725.0,22.0,12.0,7.0,2024-10-20 00:00:00,77985.14,545895.99
728.0,29.0,1.0,9.89,2024-05-14 00:00:00,140444.13,1389519.13
729.0,9.0,12.0,19.0,2022-11-10 00:00:00,86887.54,1650863.28
730.0,17.0,8.0,20.0,2021-04-01 00:00:00,162452.77,3249055.41
732.0,85.0,18.0,18.0,2024-01-30 00:00:00,122249.93,2200498.83
733.0,93.0,3.0,9.0,2021-12-21 00:00:00,102302.48,920722.28
740.0,45.0,9.0,17.0,2021-06-22 00:00:00,108973.68,1852552.51
741.0,78.0,17.0,2.0,2023-12-22 00:00:00,180553.91,361107.81
742.0,9.0,18.0,11.0,2024-06-05 00:00:00,129600.45,1425605.0
747.0,42.0,18.0,0.0,2022-03-16 00:00:00,141543.48,0.0
748.0,51.0,4.0,18.0,2022-09-10 00:00:00,122526.93,2205484.66
750.0,93.0,11.0,11.06,2024-04-04 00:00:00,155680.03,1721929.08
751.0,48.0,15.0,20.0,2021-08-17 00:00:00,106533.95,2130678.91
752.0,58.0,20.0,6.0,2022-05-21 00:00:00,208968.46,1253810.73
753.0,86.0,2.0,11.0,2021-08-19 00:00:00,178566.96,1964236.53
754.0,90.0,20.0,19.0,2023-11-04 00:00:00,207109.19,3935074.53
756.0,91.0,14.0,17.0,2021-07-21 00:00:00,139000.46,2363007.85
758.0,51.0,4.0,11.0,2024-07-21 00:00:00,126480.54,1391285.92
759.0,10.0,5.0,5.0,2021-06-17 00:00:00,79673.52,398367.61
762.0,26.0,15.0,3.0,2022-06-21 00:00:00,92582.75,277748.26
763.0,40.0,11.0,3.0,2022-05-13 00:00:00,160793.93,482381.78
764.0,49.0,19.0,15.0,2022-11-27 00:00:00,97982.87,1469743.06
766.0,41.0,5.0,2.0,2024-01-31 00:00:00,87838.2,175676.41
768.0,57.0,15.0,19.0,2022-03-09 00:00:00,98220.46,1866188.73
772.0,28.0,10.0,3.0,2020-10-12 00:00:00,90636.18,271908.53
774.0,4.0,6.0,19.0,2024-03-29 00:00:00,192318.89,3654058.97
776.0,68.0,6.0,11.0,2023-12-09 00:00:00,195548.08,2151028.85
778.0,13.0,2.0,19.0,2022-12-14 00:00:00,176703.38,3357364.3
782.0,68.0,2.0,10.58,2023-03-21 00:00:00,157517.16,1666138.92
785.0,58.0,6.0,10.0,2021-10-21 00:00:00,178855.03,1788550.33
788.0,89.0,7.0,3.0,2024-01-17 00:00:00,164231.28,492693.85
792.0,95.0,1.0,9.89,2021-10-02 00:00:00,140000.0,1385125.0
795.0,49.0,7.0,7.0,2023-10-10 00:00:00,143400.39,1003802.74
796.0,24.0,5.0,10.0,2021-11-26 00:00:00,83330.61,833306.08
797.0,66.0,11.0,20.0,2020-11-01 00:00:00,156800.0,3136000.0
800.0,62.0,9.0,11.0,2023-11-13 00:00:00,118477.0,1303247.0
804.0,50.0,17.0,2.0,2021-02-12 00:00:00,168000.0,336000.0
805.0,87.0,17.0,10.0,2024-05-07 00:00:00,183571.54,1835715.39
807.0,40.0,6.0,14.0,2023-02-12 00:00:00,179200.0,2508800.0
809.0,65.0,20.0,4.0,2022-12-03 00:00:00,240944.3,963777.22
810.0,27.0,12.0,7.0,2022-01-30 00:00:00,91355.98,639491.85
813.0,39.0,5.0,10.33,2024-01-09 00:00:00,83583.23,863340.72
815.0,29.0,10.0,16.0,2022-10-22 00:00:00,80664.82,1290637.15
816.0,99.0,10.0,9.0,2022-06-04 00:00:00,89600.0,806400.0
817.0,99.0,2.0,20.0,2023-04-09 00:00:00,176841.79,3536835.7
821.0,80.0,14.0,12.0,2021-08-10 00:00:00,119979.65,1439755.76
823.0,61.0,13.0,13.0,2024-03-05 00:00:00,178089.58,2315164.58
824.0,40.0,17.0,15.0,2023-05-18 00:00:00,163919.16,2458787.35
825.0,52.0,8.0,12.0,2022-02-12 00:00:00,151200.0,1814400.0
827.0,58.0,5.0,10.33,2022-11-17 00:00:00,86682.5,895353.44
829.0,100.0,19.0,10.0,2023-08-14 00:00:00,93134.29,931342.88
832.0,96.0,15.0,9.97,2023-04-29 00:00:00,107921.64,1076422.32
833.0,15.0,12.0,3.0,2021-05-18 00:00:00,88951.83,266855.48
834.0,99.0,7.0,18.0,2021-12-07 00:00:00,154249.16,2776484.97
838.0,66.0,19.0,14.0,2023-06-16 00:00:00,94865.8,1328121.21
839.0,24.0,15.0,2.0,2023-01-10 00:00:00,97090.41,194180.82
840.0,85.0,1.0,17.0,2022-03-07 00:00:00,153768.25,2614060.26
842.0,40.0,8.0,15.0,2023-06-19 00:00:00,165392.02,2480880.24
844.0,52.0,14.0,17.0,2024-03-19 00:00:00,139401.39,2369823.62
847.0,57.0,11.0,12.0,2021-12-10 00:00:00,154171.47,1850057.58
850.0,79.0,16.0,15.0,2022-11-07 00:00:00,113270.19,1699052.83
851.0,17.0,9.0,15.0,2023-10-19 00:00:00,102265.48,1533982.22
852.0,24.0,7.0,10.41,2022-10-03 00:00:00,164802.35,1715728.88
855.0,35.0,19.0,4.0,2021-07-13 00:00:00,92063.56,368254.25
858.0,46.0,11.0,8.0,2022-09-06 00:00:00,154740.27,1237922.13
860.0,50.0,12.0,9.0,2021-06-01 00:00:00,82858.75,745728.76
861.0,34.0,12.0,2.0,2021-05-21 00:00:00,91175.52,182351.03
862.0,14.0,15.0,14.0,2021-09-10 00:00:00,94110.57,1317547.97
864.0,99.0,1.0,2.0,2023-04-27 00:00:00,129359.68,258719.37
868.0,50.0,1.0,17.0,2021-06-15 00:00:00,153342.99,2606830.85
869.0,40.0,8.0,15.0,2021-02-20 00:00:00,161410.37,2421155.57
872.0,72.0,20.0,8.0,2021-06-15 00:00:00,220291.66,1762333.27
882.0,35.0,6.0,19.0,2021-03-16 00:00:00,167024.6,3173467.46
883.0,33.0,6.0,15.0,2021-01-30 00:00:00,179200.0,2688000.0
884.0,45.0,18.0,10.97,2021-10-07 00:00:00,132128.66,1450091.26
886.0,33.0,12.0,2.0,2022-05-01 00:00:00,86766.12,173532.24
889.0,89.0,16.0,10.0,2020-12-04 00:00:00,99841.75,998417.46
890.0,44.0,3.0,2.0,2023-12-24 00:00:00,100559.1,201118.19
892.0,34.0,19.0,8.0,2024-01-04 00:00:00,103815.58,830524.62
896.0,50.0,1.0,10.0,2023-06-25 00:00:00,128425.62,1284256.22
897.0,81.0,11.0,14.0,2022-01-22 00:00:00,148736.38,2082309.35
898.0,9.0,4.0,1.0,2024-01-13 00:00:00,118273.25,118273.25
899.0,81.0,17.0,5.0,2023-05-11 00:00:00,170546.09,852730.43
900.0,64.0,6.0,12.0,2022-04-15 00:00:00,175117.09,2101405.13
903.0,97.0,19.0,4.0,2024-04-05 00:00:00,87555.8,350223.19
905.0,40.0,15.0,2.0,2022-07-29 00:00:00,100650.41,201300.81
907.0,62.0,1.0,15.0,2023-11-07 00:00:00,128865.16,1932977.36
910.0,33.0,8.0,18.0,2024-02-18 00:00:00,144993.42,2609881.64
911.0,23.0,3.0,10.05,2021-10-27 00:00:00,109958.74,1104974.41
913.0,38.0,15.0,5.0,2023-09-23 00:00:00,95017.16,475085.81
916.0,87.0,3.0,21.0,2021-09-22 00:00:00,103610.01,2175810.25
920.0,5.0,19.0,4.0,2023-07-06 00:00:00,91669.93,366679.73
922.0,67.0,11.0,3.0,2023-11-09 00:00:00,168020.65,504061.95
923.0,37.0,2.0,10.58,2021-10-15 00:00:00,175535.04,1856723.19
924.0,53.0,7.0,2.0,2020-11-14 00:00:00,151193.11,302386.22
931.0,86.0,17.0,10.97,2022-07-12 00:00:00,177841.66,1950869.08
935.0,68.0,15.0,18.0,2022-11-08 00:00:00,105648.22,1901667.94
942.0,76.0,11.0,7.0,2023-07-05 00:00:00,153764.95,1076354.68
943.0,64.0,9.0,17.0,2024-06-15 00:00:00,112524.03,1912908.54
944.0,78.0,13.0,6.0,2024-04-23 00:00:00,179248.62,1075491.74
947.0,27.0,17.0,3.0,2021-05-21 00:00:00,166030.21,498090.64
948.0,38.0,3.0,20.0,2024-08-03 00:00:00,97843.58,1956871.63
953.0,41.0,14.0,1.0,2022-08-07 00:00:00,128501.71,128501.71
954.0,67.0,5.0,10.33,2023-02-19 00:00:00,91722.62,947413.4
956.0,13.0,2.0,19.0,2024-05-26 00:00:00,173150.46,3289858.83
960.0,2.0,1.0,0.0,2021-01-16 00:00:00,145439.31,0.0
964.0,87.0,9.0,10.46,2024-04-08 00:00:00,120249.51,1257518.32
965.0,3.0,14.0,15.0,2022-10-13 00:00:00,133470.79,2002061.9
967.0,57.0,14.0,6.0,2024-06-05 00:00:00,129276.83,775660.96
968.0,68.0,12.0,14.0,2023-09-09 00:00:00,84579.76,1184116.61
970.0,69.0,8.0,1.0,2024-01-29 00:00:00,159102.65,159102.65
972.0,83.0,9.0,8.0,2022-02-21 00:00:00,106678.36,853426.85
973.0,37.0,19.0,3.0,2021-08-23 00:00:00,94780.39,284341.18
974.0,86.0,13.0,6.0,2023-04-14 00:00:00,207265.1,1243590.63
977.0,82.0,4.0,16.0,2021-03-16 00:00:00,133946.38,2143142.08
978.0,75.0,16.0,5.0,2022-01-21 00:00:00,110594.27,552971.37
985.0,51.0,3.0,10.05,2023-07-20 00:00:00,96031.02,965014.92
987.0,90.0,7.0,14.0,2023-12-13 00:00:00,164745.85,2306441.88
991.0,81.0,15.0,6.0,2021-11-30 00:00:00,99264.5,595586.98
994.0,67.0,17.0,2.0,2021-01-09 00:00:00,168000.0,336000.0
996.0,25.0,16.0,7.0,2022-09-28 00:00:00,108365.0,758555.03
997.0,89.0,19.0,1.0,2023-01-26 00:00:00,103804.4,103804.4
998.0,30.0,7.0,11.0,2023-03-09 00:00:00,138120.37,1519324.06
1001.0,60.0,18.0,15.0,2024-07-22 00:00:00,147348.23,2210223.41
1002.0,65.0,15.0,2.0,2024-08-04 00:00:00,91262.97,182525.95
1003.0,1.0,13.0,17.0,2021-01-15 00:00:00,210655.04,3581135.69
1004.0,84.0,1.0,20.0,2022-11-25 00:00:00,140000.0,2800000.0
1005.0,4.0,9.0,10.46,2023-06-06 00:00:00,120520.42,1260351.4
1006.0,86.0,16.0,14.0,2023-10-26 00:00:00,106801.39,1495219.51
1008.0,81.0,3.0,2.0,2023-06-14 00:00:00,110545.53,221091.07
1009.0,42.0,17.0,2.0,2023-07-03 00:00:00,152155.34,304310.67
1010.0,25.0,5.0,13.0,2024-09-11 00:00:00,91370.94,1187822.24
1011.0,86.0,19.0,20.0,2022-08-20 00:00:00,95200.0,1904000.0
1013.0,31.0,12.0,8.0,2023-03-11 00:00:00,84438.06,675504.45
1016.0,97.0,17.0,6.0,2023-01-21 00:00:00,168000.0,1008000.0
1017.0,75.0,10.0,20.0,2024-01-04 00:00:00,84912.41,1698248.12
1019.0,74.0,5.0,14.0,2024-06-10 00:00:00,77270.42,1081785.92
1021.0,23.0,3.0,8.0,2022-05-02 00:00:00,100800.0,806400.0
1022.0,37.0,15.0,12.0,2022-12-19 00:00:00,101277.91,1215334.95
1023.0,83.0,17.0,7.0,2021-08-08 00:00:00,154840.19,1083881.3
1025.0,81.0,8.0,21.0,2021-01-06 00:00:00,141346.1,2968268.08
1026.0,16.0,5.0,17.0,2024-05-26 00:00:00,89659.55,1524212.36
1027.0,77.0,19.0,9.0,2024-11-08 00:00:00,89560.91,806048.2
1028.0,43.0,14.0,0.0,2023-04-18 00:00:00,128800.0,0.0
1032.0,81.0,4.0,12.0,2021-01-25 00:00:00,132423.13,1589077.59
1034.0,38.0,3.0,10.0,2021-01-18 00:00:00,91467.73,914677.28
1036.0,85.0,19.0,10.3,2024-06-07 00:00:00,95200.0,980165.68
1043.0,90.0,10.0,18.0,2023-06-14 00:00:00,87858.36,1581450.51
1046.0,39.0,17.0,12.0,2024-01-12 00:00:00,174703.7,2096444.42
1051.0,28.0,5.0,8.0,2023-08-25 00:00:00,90502.95,724023.63
1053.0,14.0,7.0,5.0,2022-09-21 00:00:00,154158.4,770792.01
1054.0,93.0,19.0,9.0,2024-07-25 00:00:00,102195.31,919757.75
1055.0,34.0,6.0,10.0,2022-01-25 00:00:00,181887.76,1818877.65
1056.0,2.0,11.0,12.0,2023-05-26 00:00:00,171537.88,2058454.56
1057.0,11.0,10.0,2.0,2022-06-25 00:00:00,90349.73,180699.46
1060.0,18.0,6.0,16.0,2024-10-11 00:00:00,171399.51,2742392.09
1062.0,46.0,14.0,2.0,2022-10-26 00:00:00,125664.64,251329.29
1065.0,1.0,1.0,16.0,2023-04-18 00:00:00,149895.48,2398327.68
1068.0,73.0,13.0,13.0,2021-02-18 00:00:00,176892.99,2299608.82
1069.0,77.0,3.0,5.0,2022-10-14 00:00:00,99096.07,495480.37
1070.0,55.0,6.0,0.0,2024-05-21 00:00:00,184596.32,0.0
1071.0,27.0,16.0,5.0,2023-03-29 00:00:00,100718.91,503594.53
1072.0,30.0,16.0,6.0,2021-01-01 00:00:00,98532.41,591194.44
1073.0,58.0,19.0,1.0,2024-02-03 00:00:00,99200.36,99200.36
1081.0,72.0,3.0,8.0,2021-11-03 00:00:00,110688.73,885509.81
1082.0,65.0,1.0,17.0,2023-08-24 00:00:00,131812.51,2240812.63
1083.0,72.0,2.0,16.0,2023-07-24 00:00:00,154749.04,2475984.59
1087.0,62.0,10.0,19.0,2020-11-24 00:00:00,96082.37,1825565.03
1090.0,29.0,7.0,16.0,2023-05-20 00:00:00,146517.49,2344279.77
1092.0,38.0,20.0,3.0,2024-01-15 00:00:00,226475.32,679425.96
1093.0,10.0,18.0,19.0,2021-04-22 00:00:00,141190.65,2682622.33
1094.0,80.0,3.0,16.0,2021-07-16 00:00:00,102331.22,1637299.59
1096.0,15.0,12.0,11.0,2023-05-02 00:00:00,78205.23,860257.57
1098.0,87.0,7.0,15.0,2022-12-29 00:00:00,145145.85,2177187.76
1105.0,40.0,17.0,8.0,2021-09-11 00:00:00,174062.11,1392496.86
1106.0,70.0,16.0,20.0,2023-01-25 00:00:00,95950.86,1919017.2
1108.0,82.0,3.0,15.0,2024-01-14 00:00:00,104664.42,1569966.31
1109.0,87.0,10.0,18.0,2023-10-30 00:00:00,97131.22,1748362.04
1110.0,41.0,16.0,6.0,2023-03-23 00:00:00,111871.87,671231.22
1111.0,83.0,15.0,18.0,2022-11-18 00:00:00,100861.33,1815503.92
1115.0,78.0,3.0,10.05,2024-09-04 00:00:00,97439.17,979165.41
1117.0,28.0,9.0,12.0,2023-06-24 00:00:00,106655.14,1279861.69
1120.0,93.0,15.0,9.97,2021-03-31 00:00:00,107881.14,1076018.36
1122.0,17.0,15.0,9.97,2021-04-03 00:00:00,106908.18,1066313.97
1124.0,68.0,14.0,14.0,2022-08-05 00:00:00,122414.87,1713808.13
1126.0,50.0,3.0,16.0,2022-03-10 00:00:00,108202.66,1731242.64
1127.0,17.0,17.0,16.0,2023-11-03 00:00:00,165044.11,2640705.82
1129.0,39.0,19.0,14.0,2021-06-05 00:00:00,96995.49,1357936.84
1130.0,56.0,20.0,12.0,2023-11-01 00:00:00,224000.0,2688000.0
1131.0,99.0,12.0,10.0,2023-01-17 00:00:00,75980.39,759803.9
1132.0,6.0,10.0,12.0,2024-01-09 00:00:00,83437.56,1001250.71
1133.0,32.0,10.0,4.0,2023-10-31 00:00:00,82617.15,330468.59
1135.0,36.0,14.0,7.0,2021-05-03 00:00:00,136549.1,955843.68
1136.0,53.0,13.0,1.0,2023-02-15 00:00:00,185934.78,185934.78
1137.0,92.0,13.0,15.0,2023-01-06 00:00:00,196000.0,2940000.0
1138.0,38.0,16.0,0.0,2022-05-10 00:00:00,114070.12,0.0
1142.0,12.0,8.0,8.0,2023-06-30 00:00:00,161460.17,1291681.33
1143.0,60.0,13.0,11.0,2021-05-28 00:00:00,192045.78,2112503.56
1144.0,98.0,2.0,15.0,2022-11-03 00:00:00,182440.61,2736609.21
1146.0,87.0,6.0,12.0,2023-12-04 00:00:00,195073.12,2340877.44
1147.0,70.0,6.0,5.0,2022-11-25 00:00:00,175301.2,876505.99
1148.0,32.0,14.0,10.57,2021-03-20 00:00:00,132315.31,1399136.12
1150.0,66.0,11.0,14.0,2021-08-20 00:00:00,170654.21,2389158.89
1153.0,99.0,4.0,19.0,2024-09-27 00:00:00,122067.54,2319283.34
1154.0,11.0,15.0,6.0,2022-09-02 00:00:00,110395.13,662370.8
1155.0,37.0,20.0,8.0,2020-11-26 00:00:00,245886.89,1967095.1
1158.0,2.0,6.0,4.0,2022-08-21 00:00:00,194737.04,778948.15
1159.0,80.0,1.0,7.0,2023-06-08 00:00:00,151017.06,1057119.45
1160.0,100.0,12.0,8.0,2023-07-29 00:00:00,77145.83,617166.64
1161.0,79.0,20.0,4.0,2021-05-09 00:00:00,224000.0,896000.0
1163.0,64.0,5.0,5.0,2024-08-19 00:00:00,90384.14,451920.71
1164.0,13.0,12.0,17.0,2022-11-25 00:00:00,88459.61,1503813.4
1171.0,56.0,1.0,3.0,2023-11-09 00:00:00,138023.9,414071.7
1172.0,41.0,13.0,6.0,2023-05-18 00:00:00,192322.15,1153932.93
1173.0,46.0,17.0,19.0,2023-11-19 00:00:00,181458.34,3447708.54
1174.0,33.0,12.0,10.4,2023-01-05 00:00:00,87624.64,911627.92
1176.0,92.0,9.0,7.0,2021-11-04 00:00:00,108957.18,762700.25
1177.0,20.0,11.0,5.0,2021-04-05 00:00:00,161686.6,808433.02
1180.0,65.0,3.0,20.0,2021-01-10 00:00:00,103757.67,2075153.33
1181.0,36.0,13.0,2.0,2022-03-05 00:00:00,205938.24,411876.48
1182.0,98.0,5.0,13.0,2022-07-26 00:00:00,76313.57,992076.44
1184.0,16.0,8.0,15.0,2023-01-31 00:00:00,157547.36,2363210.35
1185.0,82.0,5.0,12.0,2023-12-31 00:00:00,80999.73,971996.73
1187.0,13.0,11.0,4.0,2023-02-27 00:00:00,148592.7,594370.81
1188.0,62.0,4.0,8.0,2023-10-29 00:00:00,114008.16,912065.29
1193.0,15.0,4.0,10.76,2024-06-23 00:00:00,127233.04,1368489.98
1195.0,9.0,9.0,11.0,2024-02-18 00:00:00,118301.32,1301314.55
1196.0,96.0,13.0,5.0,2024-01-01 00:00:00,205472.2,1027360.98
1198.0,45.0,10.0,1.0,2024-04-06 00:00:00,98406.87,98406.87
1199.0,56.0,16.0,2.0,2023-09-02 00:00:00,105676.64,211353.29
1200.0,48.0,11.0,7.0,2021-01-04 00:00:00,152521.05,1067647.34
1201.0,13.0,3.0,5.0,2022-07-11 00:00:00,105721.37,528606.87
1203.0,54.0,1.0,6.0,2020-11-22 00:00:00,130395.95,782375.71
1206.0,28.0,11.0,12.0,2022-11-10 00:00:00,156800.0,1881600.0
1210.0,69.0,13.0,15.0,2022-11-27 00:00:00,213312.52,3199687.87
1214.0,9.0,6.0,7.0,2023-03-23 00:00:00,178378.5,1248649.53
1216.0,13.0,13.0,0.0,2021-05-20 00:00:00,177289.19,0.0
1217.0,86.0,9.0,12.0,2021-12-27 00:00:00,119893.76,1438725.08
1220.0,23.0,6.0,8.0,2022-11-24 00:00:00,179226.64,1433813.1
1221.0,8.0,13.0,10.73,2024-03-05 00:00:00,183529.1,1969172.43
1225.0,74.0,10.0,16.0,2022-07-12 00:00:00,92148.88,1474382.16
1229.0,9.0,16.0,4.0,2024-03-23 00:00:00,99670.23,398680.91
1233.0,74.0,8.0,10.0,2021-02-09 00:00:00,151200.0,1512000.0
1234.0,4.0,17.0,20.0,2023-12-14 00:00:00,157073.16,3141463.11
1235.0,61.0,1.0,21.0,2022-12-23 00:00:00,134265.89,2819583.65
1239.0,64.0,20.0,12.0,2023-12-30 00:00:00,221147.74,2653772.85
1242.0,15.0,4.0,3.0,2020-11-28 00:00:00,114317.1,342951.31
1248.0,11.0,9.0,13.0,2023-03-02 00:00:00,108048.74,1404633.65
1249.0,97.0,6.0,9.0,2021-01-08 00:00:00,167997.42,1511976.82
1250.0,77.0,20.0,10.0,2024-09-18 00:00:00,224000.0,2240000.0
1251.0,21.0,17.0,18.0,2022-01-20 00:00:00,154529.03,2781522.61
1252.0,38.0,8.0,4.0,2021-05-16 00:00:00,158977.55,635910.22
1253.0,59.0,20.0,11.0,2021-06-15 00:00:00,225070.42,2475774.67
1256.0,21.0,2.0,9.0,2022-01-23 00:00:00,156468.93,1408220.38
1257.0,98.0,6.0,10.0,2022-08-04 00:00:00,164278.22,1642782.15
1258.0,84.0,7.0,10.0,2022-02-23 00:00:00,151200.0,1512000.0
1259.0,3.0,16.0,8.0,2022-05-19 00:00:00,104395.88,835167.02
1260.0,69.0,11.0,18.0,2023-05-04 00:00:00,156800.0,2822400.0
1261.0,32.0,12.0,10.4,2022-11-08 00:00:00,84000.0,873917.98
1266.0,24.0,7.0,20.0,2024-11-08 00:00:00,138699.26,2773985.28
1267.0,36.0,10.0,17.0,2023-10-27 00:00:00,96951.12,1648169.1
1269.0,9.0,3.0,20.0,2023-02-19 00:00:00,99225.62,1984512.36
1271.0,81.0,5.0,8.0,2024-10-02 00:00:00,89360.04,714880.33
1272.0,70.0,6.0,2.0,2023-06-20 00:00:00,193238.59,386477.18
1273.0,4.0,12.0,4.0,2021-01-28 00:00:00,78641.71,314566.85
1275.0,69.0,10.0,12.0,2024-08-09 00:00:00,96958.11,1163497.3
1276.0,39.0,18.0,10.0,2023-01-31 00:00:00,140282.67,1402826.67
1278.0,29.0,17.0,1.0,2022-03-06 00:00:00,172734.05,172734.05
1279.0,3.0,12.0,10.4,2022-02-08 00:00:00,84000.0,873917.98
1285.0,74.0,2.0,8.0,2024-07-06 00:00:00,158898.3,1271186.38
1287.0,26.0,9.0,21.0,2022-11-29 00:00:00,105985.48,2225695.0
1288.0,98.0,14.0,10.57,2023-07-24 00:00:00,135313.82,1430843.2
1290.0,97.0,3.0,15.0,2021-09-17 00:00:00,95950.2,1439253.01
1291.0,20.0,19.0,6.0,2023-01-12 00:00:00,94024.54,564147.23
1292.0,67.0,3.0,8.0,2023-11-22 00:00:00,92080.46,736643.71
1296.0,56.0,2.0,8.0,2021-08-08 00:00:00,155100.85,1240806.8
1297.0,8.0,1.0,0.0,2022-09-09 00:00:00,153452.8,0.0
1300.0,52.0,5.0,12.0,2023-03-01 00:00:00,92008.98,1104107.77
1306.0,43.0,5.0,21.0,2022-10-12 00:00:00,80627.32,1693173.73
1309.0,49.0,11.0,11.06,2022-05-18 00:00:00,161819.71,1789838.28
1312.0,86.0,17.0,6.0,2022-12-29 00:00:00,166160.86,996965.14
1317.0,56.0,19.0,10.3,2023-11-24 00:00:00,95200.0,980165.68
1322.0,20.0,20.0,2.0,2023-04-18 00:00:00,227176.07,454352.15
1323.0,71.0,8.0,14.0,2021-04-23 00:00:00,156025.29,2184353.99
1324.0,44.0,11.0,3.0,2022-09-22 00:00:00,164666.95,494000.86
1325.0,78.0,11.0,10.0,2021-04-26 00:00:00,161511.22,1615112.2
1327.0,27.0,11.0,3.0,2022-06-20 00:00:00,141699.8,425099.4
1330.0,24.0,9.0,6.0,2022-01-19 00:00:00,114115.52,684693.13
1331.0,42.0,20.0,1.0,2021-12-10 00:00:00,235799.35,235799.35
1332.0,84.0,5.0,2.0,2023-03-18 00:00:00,78371.27,156742.54
1334.0,27.0,15.0,9.97,2020-12-18 00:00:00,98672.36,984168.99
1335.0,47.0,19.0,6.0,2023-10-22 00:00:00,95200.0,571200.0
1337.0,17.0,11.0,5.0,2021-01-04 00:00:00,167525.33,837626.63
1339.0,39.0,16.0,3.0,2021-10-03 00:00:00,97118.08,291354.25
1343.0,70.0,15.0,8.0,2021-06-30 00:00:00,102942.28,823538.23
1345.0,99.0,2.0,15.0,2022-12-14 00:00:00,168932.23,2533983.48
1348.0,34.0,20.0,19.0,2023-09-04 00:00:00,212168.88,4031208.78
1350.0,59.0,12.0,10.4,2022-01-03 00:00:00,81087.89,843620.97
1351.0,86.0,7.0,2.0,2022-04-13 00:00:00,151624.88,303249.75
1354.0,21.0,5.0,15.0,2021-01-11 00:00:00,88931.69,1333975.3
1355.0,57.0,3.0,16.0,2024-03-06 00:00:00,100800.0,1612800.0
1356.0,71.0,7.0,10.41,2022-01-08 00:00:00,158318.19,1648223.49
1367.0,9.0,15.0,5.0,2024-10-10 00:00:00,97322.95,486614.77
1370.0,85.0,2.0,10.0,2022-06-09 00:00:00,183266.39,1832663.91
1372.0,29.0,7.0,11.0,2023-01-16 00:00:00,143743.75,1581181.24
1374.0,99.0,18.0,11.0,2023-10-16 00:00:00,124192.59,1366118.47
1375.0,46.0,3.0,5.0,2023-07-23 00:00:00,97471.09,487355.45
1378.0,58.0,15.0,1.0,2021-09-13 00:00:00,96347.85,96347.85
1379.0,80.0,5.0,19.0,2024-04-06 00:00:00,88888.64,1688884.11
1380.0,57.0,17.0,11.0,2023-01-09 00:00:00,160766.19,1768428.04
1381.0,46.0,7.0,8.0,2022-03-02 00:00:00,153397.97,1227183.79
1388.0,32.0,10.0,13.0,2021-10-16 00:00:00,89391.62,1162091.02
1391.0,49.0,17.0,3.0,2022-12-23 00:00:00,183488.15,550464.46
1393.0,26.0,16.0,4.0,2022-07-29 00:00:00,112164.3,448657.21
1395.0,93.0,14.0,3.0,2022-01-06 00:00:00,128932.5,386797.5
1397.0,67.0,16.0,19.0,2023-09-20 00:00:00,99418.24,1888946.5
1403.0,74.0,13.0,0.0,2022-02-12 00:00:00,178067.89,0.0
1406.0,46.0,17.0,1.0,2024-07-02 00:00:00,172107.03,172107.03
1407.0,98.0,19.0,11.0,2020-06-12 00:00:00,104265.05,1146915.5
1408.0,51.0,17.0,14.0,2020-12-28 00:00:00,168519.5,2359273.06
1410.0,88.0,18.0,10.0,2022-12-10 00:00:00,141320.62,1413206.18
1412.0,28.0,13.0,19.0,2023-10-04 00:00:00,188902.37,3589145.06
1418.0,36.0,12.0,10.0,2021-01-24 00:00:00,81626.01,816260.06
1420.0,30.0,13.0,13.0,2024-03-18 00:00:00,185029.94,2405389.22
1421.0,88.0,14.0,15.0,2024-08-01 00:00:00,128800.0,1932000.0
1422.0,60.0,8.0,14.0,2022-10-25 00:00:00,152442.32,2134192.42
1423.0,38.0,10.0,7.0,2024-06-03 00:00:00,97252.96,680770.73
1424.0,99.0,18.0,12.0,2022-09-14 00:00:00,134400.0,1612800.0
1425.0,36.0,7.0,6.0,2020-11-05 00:00:00,147850.9,887105.42
1427.0,4.0,13.0,10.0,2021-10-27 00:00:00,183319.45,1833194.47
1428.0,20.0,19.0,11.0,2024-05-16 00:00:00,100862.69,1109489.6
1429.0,76.0,12.0,4.0,2022-03-05 00:00:00,81660.87,326643.46
1431.0,79.0,17.0,17.0,2024-06-04 00:00:00,160917.17,2735591.95
1434.0,80.0,2.0,10.58,2024-04-09 00:00:00,181411.58,1918882.34
1438.0,76.0,8.0,18.0,2022-12-15 00:00:00,165626.9,2981284.12
1441.0,93.0,13.0,7.0,2023-09-11 00:00:00,180792.08,1265544.55
1446.0,74.0,10.0,7.0,2022-06-10 00:00:00,87903.77,615326.42
1448.0,56.0,20.0,11.0,2022-05-01 00:00:00,236289.17,2599180.87
1449.0,72.0,11.0,12.0,2021-11-07 00:00:00,147009.13,1764109.51
1450.0,80.0,18.0,18.0,2022-12-10 00:00:00,146752.97,2641553.41
1452.0,67.0,15.0,11.0,2022-06-10 00:00:00,109682.13,1206503.43
1457.0,28.0,2.0,11.0,2021-07-07 00:00:00,165361.57,1818977.26
1458.0,56.0,11.0,12.0,2021-06-19 00:00:00,161355.34,1936264.02
1459.0,2.0,20.0,19.0,2022-11-27 00:00:00,219109.46,4163079.66
1461.0,24.0,6.0,18.0,2022-05-26 00:00:00,161874.78,2913746.05
1465.0,59.0,2.0,15.0,2021-07-04 00:00:00,153111.12,2296666.83
1466.0,10.0,15.0,17.0,2023-08-25 00:00:00,100800.0,1713600.0
1468.0,32.0,8.0,15.0,2021-05-24 00:00:00,151115.0,2266725.06
1472.0,18.0,1.0,16.0,2022-02-20 00:00:00,140000.0,2240000.0
1474.0,90.0,9.0,10.0,2021-03-08 00:00:00,113292.59,1132925.9
1477.0,74.0,14.0,6.0,2022-11-29 00:00:00,126833.66,761001.97
1478.0,91.0,19.0,4.0,2024-01-06 00:00:00,101980.97,407923.88
1481.0,96.0,3.0,2.0,2021-10-16 00:00:00,103001.93,206003.87
1482.0,51.0,16.0,20.0,2022-10-01 00:00:00,111920.71,2238414.16
1488.0,74.0,10.0,13.0,2021-10-17 00:00:00,98139.76,1275816.91
1491.0,20.0,12.0,2.0,2023-07-18 00:00:00,79607.52,159215.05
1496.0,77.0,19.0,3.0,2022-09-03 00:00:00,102530.6,307591.81
1500.0,92.0,1.0,16.0,2021-08-01 00:00:00,140000.0,2240000.0
1506.0,89.0,3.0,13.0,2021-09-25 00:00:00,105776.8,1375098.37
1507.0,59.0,10.0,1.0,2024-02-27 00:00:00,81248.99,81248.99
1509.0,45.0,10.0,14.0,2022-11-14 00:00:00,85474.08,1196637.19
1510.0,59.0,14.0,19.0,2024-05-09 00:00:00,135295.83,2570620.83
1511.0,44.0,2.0,19.0,2024-03-27 00:00:00,177652.75,3375402.3
1517.0,21.0,17.0,1.0,2024-01-11 00:00:00,178269.59,178269.59
1520.0,28.0,14.0,17.0,2021-12-23 00:00:00,128800.0,2189600.0
1522.0,27.0,4.0,10.0,2023-12-02 00:00:00,133868.54,1338685.41
1523.0,36.0,17.0,8.0,2022-11-26 00:00:00,179035.15,1432281.23
1526.0,19.0,2.0,14.0,2024-07-06 00:00:00,171791.57,2405082.0
1527.0,3.0,5.0,2.0,2022-07-05 00:00:00,78360.31,156720.62
1529.0,38.0,7.0,0.0,2022-01-14 00:00:00,165202.22,0.0
1530.0,51.0,12.0,8.0,2021-04-04 00:00:00,90424.26,723394.06
1531.0,46.0,19.0,19.0,2024-02-01 00:00:00,86130.6,1636481.49
1536.0,7.0,9.0,10.46,2021-10-31 00:00:00,112111.95,1172419.16
1540.0,49.0,16.0,19.0,2021-07-22 00:00:00,113139.36,2149647.83
1541.0,12.0,15.0,9.97,2024-08-13 00:00:00,105858.04,1055839.71
1542.0,7.0,15.0,3.0,2021-09-08 00:00:00,98992.14,296976.43
1544.0,64.0,7.0,9.0,2022-05-10 00:00:00,160574.48,1445170.36
1545.0,51.0,4.0,19.0,2024-10-13 00:00:00,125233.62,2379438.73
1549.0,40.0,6.0,3.0,2022-12-16 00:00:00,185047.8,555143.41
1551.0,32.0,7.0,17.0,2024-07-30 00:00:00,153386.38,2607568.51
1555.0,13.0,8.0,13.0,2021-03-02 00:00:00,149963.52,1949525.8
1557.0,55.0,17.0,19.0,2022-06-08 00:00:00,171786.14,3263936.69
1563.0,45.0,9.0,18.0,2023-04-14 00:00:00,112000.0,2016000.0
1565.0,81.0,14.0,6.0,2021-03-07 00:00:00,119123.83,714742.97
1566.0,39.0,4.0,20.0,2023-09-08 00:00:00,126580.21,2531604.26
1569.0,78.0,7.0,6.0,2022-02-07 00:00:00,151200.0,907200.0
1571.0,48.0,15.0,8.0,2022-05-27 00:00:00,107235.36,857882.86
1572.0,34.0,3.0,13.0,2022-08-07 00:00:00,99889.97,1298569.64
1573.0,88.0,7.0,10.41,2024-08-03 00:00:00,151200.0,1574117.2
1574.0,33.0,20.0,14.0,2024-09-20 00:00:00,213208.56,2984919.82
1575.0,2.0,1.0,5.0,2021-01-15 00:00:00,135227.4,676136.99
1576.0,85.0,8.0,17.0,2020-11-03 00:00:00,156725.47,2664333.02
1577.0,15.0,18.0,11.0,2023-05-09 00:00:00,121549.55,1337045.1
1578.0,28.0,16.0,18.0,2023-08-03 00:00:00,106400.0,1915200.0
1579.0,38.0,9.0,10.46,2021-05-29 00:00:00,115058.46,1203232.52
1580.0,39.0,15.0,19.0,2021-10-12 00:00:00,104427.68,1984125.83
1581.0,96.0,15.0,6.0,2021-08-06 00:00:00,94707.74,568246.43
1586.0,4.0,9.0,10.0,2023-08-10 00:00:00,102353.53,1023535.3
1593.0,99.0,3.0,17.0,2022-03-23 00:00:00,109739.05,1865563.79
1594.0,88.0,12.0,5.0,2020-12-29 00:00:00,82172.69,410863.45
1596.0,85.0,11.0,11.06,2023-12-08 00:00:00,147230.89,1628475.82
1598.0,66.0,9.0,15.0,2021-09-02 00:00:00,122812.77,1842191.56
1599.0,24.0,13.0,20.0,2022-06-18 00:00:00,184292.85,3685857.09
1601.0,83.0,10.0,21.0,2022-04-18 00:00:00,82099.52,1724089.93
1604.0,57.0,14.0,18.0,2023-03-08 00:00:00,122041.23,2196742.15
1608.0,91.0,17.0,15.0,2021-02-25 00:00:00,153792.96,2306894.38
1612.0,10.0,17.0,8.0,2021-07-15 00:00:00,174913.84,1399310.73
1621.0,21.0,19.0,2.0,2024-09-20 00:00:00,87447.24,174894.48
1622.0,59.0,6.0,6.0,2023-06-12 00:00:00,183624.98,1101749.89
1624.0,16.0,7.0,10.41,2020-12-04 00:00:00,136118.87,1417110.19
1626.0,36.0,13.0,10.0,2023-01-11 00:00:00,182841.29,1828412.95
1629.0,82.0,6.0,6.0,2022-03-18 00:00:00,183201.78,1099210.69
1630.0,49.0,20.0,10.85,2023-02-19 00:00:00,232072.34,2517633.26
1632.0,39.0,11.0,16.0,2022-10-03 00:00:00,169840.55,2717448.76
1634.0,36.0,6.0,21.0,2020-02-11 00:00:00,169684.38,3563371.91
1636.0,4.0,5.0,16.0,2021-04-07 00:00:00,84000.0,1344000.0
1637.0,75.0,6.0,1.0,2022-11-08 00:00:00,180957.52,180957.52
1638.0,53.0,10.0,7.0,2022-08-05 00:00:00,96057.07,672399.47
1639.0,50.0,14.0,17.0,2021-06-23 00:00:00,125165.88,2127819.96
1640.0,18.0,5.0,17.0,2022-11-10 00:00:00,78927.66,1341770.29
1641.0,95.0,6.0,14.0,2021-01-29 00:00:00,183506.61,2569092.49
1648.0,17.0,3.0,9.0,2023-12-18 00:00:00,97581.87,878236.8
1651.0,73.0,20.0,7.0,2021-06-11 00:00:00,212537.98,1487765.83
1652.0,96.0,3.0,0.0,2022-09-20 00:00:00,91935.41,0.0
1656.0,73.0,5.0,7.0,2023-08-20 00:00:00,84000.0,588000.0
1659.0,84.0,9.0,12.0,2021-07-10 00:00:00,115182.39,1382188.74
1663.0,61.0,16.0,13.0,2023-09-17 00:00:00,114417.01,1487421.18
1667.0,99.0,1.0,1.0,2022-02-23 00:00:00,129076.34,129076.34
1669.0,86.0,2.0,14.0,2021-04-07 00:00:00,152612.78,2136578.95
1672.0,6.0,13.0,6.0,2021-11-13 00:00:00,206496.78,1238980.67
1674.0,100.0,4.0,15.0,2023-02-15 00:00:00,116564.33,1748464.96
1677.0,49.0,18.0,17.0,2023-06-09 00:00:00,143688.93,2442711.89
1681.0,96.0,16.0,12.0,2020-11-16 00:00:00,105816.94,1269803.33
1682.0,98.0,7.0,17.0,2022-05-09 00:00:00,139016.41,2363278.92
1686.0,68.0,8.0,15.0,2022-01-15 00:00:00,161474.65,2422119.75
1688.0,3.0,13.0,11.0,2024-01-21 00:00:00,196000.0,2156000.0
1689.0,38.0,20.0,18.0,2023-07-18 00:00:00,223594.82,4024706.8
1691.0,78.0,9.0,6.0,2024-09-21 00:00:00,112000.0,672000.0
1692.0,40.0,12.0,10.4,2023-10-16 00:00:00,78741.96,819214.44
1698.0,43.0,8.0,10.56,2022-06-02 00:00:00,137180.18,1448777.5
1702.0,64.0,19.0,9.0,2023-04-05 00:00:00,89983.47,809851.2
1704.0,94.0,10.0,6.0,2024-05-04 00:00:00,92216.02,553296.11
1705.0,98.0,3.0,6.0,2024-06-08 00:00:00,102300.78,613804.65
1706.0,54.0,13.0,1.0,2023-10-04 00:00:00,186968.69,186968.69
1708.0,8.0,7.0,13.0,2024-01-17 00:00:00,166138.08,2159794.98
1716.0,20.0,3.0,14.0,2023-12-01 00:00:00,100800.0,1411200.0
1717.0,63.0,2.0,20.0,2024-08-07 00:00:00,153693.34,3073866.79
1726.0,8.0,13.0,17.0,2021-09-24 00:00:00,201789.92,3430428.66
1727.0,48.0,19.0,1.0,2023-05-11 00:00:00,94038.76,94038.76
1730.0,12.0,8.0,18.0,2022-10-07 00:00:00,152390.08,2743021.36
1735.0,76.0,2.0,10.58,2021-01-17 00:00:00,173298.8,1833069.39
1736.0,23.0,14.0,13.0,2023-11-22 00:00:00,118378.34,1538918.46
1738.0,15.0,18.0,1.0,2022-08-31 00:00:00,127260.04,127260.04
1740.0,24.0,11.0,21.0,2024-03-20 00:00:00,149715.68,3144029.37
1742.0,47.0,14.0,17.0,2020-12-11 00:00:00,123163.75,2093783.82
1744.0,90.0,2.0,3.0,2022-01-03 00:00:00,168000.0,504000.0
1745.0,80.0,3.0,17.0,2024-06-04 00:00:00,108738.21,1848549.49
1746.0,13.0,17.0,17.0,2024-01-04 00:00:00,181085.95,3078461.18
1750.0,61.0,3.0,8.0,2023-05-05 00:00:00,92143.93,737151.46
1754.0,33.0,7.0,1.0,2021-11-13 00:00:00,161249.4,161249.4
1755.0,52.0,3.0,11.0,2024-07-10 00:00:00,104508.67,1149595.32
1763.0,96.0,8.0,1.0,2022-10-28 00:00:00,162696.45,162696.45
1764.0,4.0,3.0,18.0,2023-07-07 00:00:00,92543.73,1665787.13
1769.0,80.0,18.0,10.97,2024-03-10 00:00:00,146816.29,1611285.7
1770.0,62.0,8.0,10.0,2022-12-06 00:00:00,160944.41,1609444.09
1771.0,18.0,16.0,16.0,2023-11-27 00:00:00,116741.02,1867856.37
1773.0,9.0,16.0,20.0,2021-08-21 00:00:00,106400.0,2128000.0
1775.0,34.0,15.0,9.0,2024-01-23 00:00:00,109359.64,984236.77
1776.0,79.0,9.0,11.0,2023-02-06 00:00:00,120161.38,1321775.21
1778.0,13.0,19.0,18.0,2022-11-20 00:00:00,96580.59,1738450.58
1779.0,42.0,16.0,16.0,2023-12-29 00:00:00,101328.61,1621257.8
1782.0,9.0,20.0,8.0,2020-11-24 00:00:00,219938.84,1759510.68
1785.0,41.0,12.0,10.0,2023-04-08 00:00:00,81354.08,813540.85
1789.0,76.0,5.0,2.0,2021-11-26 00:00:00,89714.16,179428.32
1791.0,6.0,5.0,10.33,2022-06-07 00:00:00,88683.0,916016.76
1794.0,53.0,10.0,9.0,2023-07-02 00:00:00,93093.06,837837.52
1795.0,28.0,6.0,13.0,2024-08-24 00:00:00,195890.17,2546572.24
1798.0,39.0,2.0,10.0,2023-05-04 00:00:00,173419.03,1734190.27
1801.0,18.0,5.0,20.0,2024-11-02 00:00:00,91446.66,1828933.21
1804.0,99.0,4.0,7.0,2024-06-14 00:00:00,134059.33,938415.28
1805.0,3.0,12.0,10.4,2023-12-03 00:00:00,84000.0,873917.98
1810.0,89.0,9.0,9.0,2022-10-29 00:00:00,104613.2,941518.83
1814.0,29.0,8.0,11.0,2021-09-02 00:00:00,159383.64,1753220.08
1815.0,3.0,3.0,13.0,2023-05-09 00:00:00,92940.87,1208231.27
1816.0,55.0,16.0,10.47,2022-03-01 00:00:00,113266.02,1186312.52
1818.0,25.0,3.0,9.0,2024-01-09 00:00:00,95012.55,855112.98
1820.0,37.0,4.0,10.76,2023-01-11 00:00:00,110942.52,1193272.87
1821.0,15.0,16.0,13.0,2023-02-26 00:00:00,106462.21,1384008.77
1822.0,94.0,13.0,1.0,2023-08-05 00:00:00,184818.76,184818.76
1824.0,23.0,12.0,9.0,2023-03-17 00:00:00,86840.57,781565.11
1828.0,60.0,20.0,3.0,2022-08-04 00:00:00,224000.0,672000.0
1833.0,77.0,8.0,11.0,2022-12-15 00:00:00,151200.0,1663200.0
1834.0,78.0,14.0,6.0,2021-01-10 00:00:00,128800.0,772800.0
1835.0,37.0,17.0,2.0,2022-12-05 00:00:00,168000.0,336000.0
1838.0,47.0,12.0,8.0,2024-11-07 00:00:00,84000.0,672000.0
1840.0,71.0,15.0,1.0,2022-01-13 00:00:00,110597.64,110597.64
1841.0,15.0,9.0,9.0,2020-12-09 00:00:00,119700.52,1077304.65
1846.0,33.0,11.0,13.0,2024-10-06 00:00:00,169598.86,2204785.19
1847.0,95.0,5.0,2.0,2023-01-27 00:00:00,85944.82,171889.64
1848.0,9.0,18.0,8.0,2024-06-12 00:00:00,139213.36,1113706.84
1852.0,79.0,8.0,5.0,2021-12-25 00:00:00,142383.11,711915.54
1853.0,15.0,14.0,16.0,2022-09-21 00:00:00,132611.27,2121780.33
1854.0,63.0,1.0,14.0,2023-10-02 00:00:00,148991.48,2085880.78
1857.0,88.0,4.0,10.76,2023-07-17 00:00:00,123200.0,1325111.55
1859.0,37.0,20.0,6.0,2022-02-28 00:00:00,242226.3,1453357.77
1864.0,72.0,1.0,3.0,2023-09-01 00:00:00,130620.78,391862.34
1865.0,14.0,7.0,10.41,2022-06-07 00:00:00,151200.0,1574117.2
1866.0,5.0,11.0,14.0,2020-05-12 00:00:00,157889.46,2210452.47
1867.0,69.0,19.0,2.0,2024-06-19 00:00:00,88692.2,177384.41
1869.0,99.0,8.0,16.0,2024-04-01 00:00:00,148741.25,2379860.0
1872.0,66.0,13.0,7.0,2023-02-12 00:00:00,192268.69,1345880.86
1874.0,73.0,18.0,20.0,2022-02-16 00:00:00,128598.66,2571973.18
1879.0,6.0,1.0,10.0,2022-04-25 00:00:00,134739.13,1347391.33
1880.0,66.0,18.0,6.0,2021-04-04 00:00:00,134400.0,806400.0
1881.0,24.0,7.0,11.0,2023-02-16 00:00:00,150134.58,1651480.4
1883.0,78.0,18.0,5.0,2022-03-07 00:00:00,128426.6,642132.99
1885.0,66.0,7.0,15.0,2024-03-17 00:00:00,151200.0,2268000.0
1886.0,51.0,11.0,13.0,2023-04-22 00:00:00,155994.74,2027931.68
1887.0,39.0,20.0,21.0,2021-01-13 00:00:00,210105.3,4412211.26
1888.0,46.0,13.0,6.0,2024-09-01 00:00:00,201356.52,1208139.09
1892.0,68.0,1.0,13.0,2021-07-24 00:00:00,149834.78,1947852.16
1893.0,27.0,18.0,5.0,2023-03-13 00:00:00,128019.02,640095.12
1894.0,8.0,6.0,17.0,2021-01-03 00:00:00,188576.3,3205797.11
1898.0,25.0,5.0,8.0,2024-10-22 00:00:00,78250.93,626007.42
1899.0,55.0,4.0,12.0,2023-01-09 00:00:00,118448.52,1421382.19
1900.0,72.0,20.0,10.85,2024-10-02 00:00:00,229014.45,2484459.8
1901.0,24.0,7.0,18.0,2020-06-12 00:00:00,163268.07,2938825.24
1906.0,74.0,16.0,19.0,2022-03-01 00:00:00,106400.0,2021600.0
1910.0,23.0,1.0,5.0,2022-01-07 00:00:00,141150.26,705751.29
1912.0,40.0,2.0,12.0,2024-03-08 00:00:00,172944.82,2075337.84
1914.0,12.0,12.0,17.0,2022-03-12 00:00:00,91989.74,1563825.61
1916.0,88.0,9.0,5.0,2022-08-09 00:00:00,120703.72,603518.61
1919.0,6.0,2.0,12.0,2022-08-20 00:00:00,180859.91,2170318.92
1921.0,33.0,15.0,3.0,2021-12-31 00:00:00,100800.0,302400.0
1923.0,66.0,2.0,5.0,2022-02-12 00:00:00,164788.16,823940.79
1925.0,97.0,17.0,17.0,2024-08-03 00:00:00,163225.2,2774828.34
1927.0,38.0,12.0,3.0,2021-01-10 00:00:00,87875.14,263625.43
1928.0,7.0,11.0,9.0,2022-04-30 00:00:00,171092.52,1539832.71
1929.0,6.0,14.0,15.0,2022-12-05 00:00:00,128800.0,1932000.0
1930.0,7.0,11.0,8.0,2021-08-14 00:00:00,156800.0,1254400.0
1932.0,1.0,10.0,11.0,2020-12-10 00:00:00,83801.38,921815.18
1936.0,61.0,1.0,13.0,2024-04-26 00:00:00,146617.75,1906030.79
1941.0,39.0,17.0,19.0,2023-04-10 00:00:00,157533.52,2993136.96
1942.0,46.0,11.0,15.0,2020-11-28 00:00:00,148743.87,2231157.98
1943.0,55.0,17.0,10.97,2022-06-01 00:00:00,157991.36,1733117.37
1945.0,29.0,20.0,12.0,2024-11-06 00:00:00,217514.26,2610171.17
1949.0,24.0,18.0,6.0,2024-05-11 00:00:00,134400.0,806400.0
1951.0,38.0,3.0,10.0,2022-02-08 00:00:00,96379.8,963798.01
1953.0,56.0,12.0,12.0,2023-05-11 00:00:00,86233.76,1034805.17
1954.0,29.0,16.0,9.0,2021-06-02 00:00:00,109215.23,982937.07
1961.0,15.0,11.0,8.0,2024-03-27 00:00:00,163496.16,1307969.3
1962.0,87.0,14.0,6.0,2024-08-20 00:00:00,121987.08,731922.45
1963.0,41.0,8.0,10.0,2024-02-21 00:00:00,151200.0,1512000.0
1967.0,73.0,2.0,9.0,2022-08-23 00:00:00,160602.56,1445423.02
1970.0,64.0,11.0,7.0,2023-08-19 00:00:00,156200.97,1093406.82
1973.0,67.0,19.0,9.0,2021-01-04 00:00:00,101806.7,916260.28
1978.0,50.0,11.0,12.0,2023-03-27 00:00:00,158433.1,1901197.2
1980.0,33.0,19.0,7.0,2021-11-12 00:00:00,98405.79,688840.52
1981.0,4.0,6.0,7.0,2024-03-31 00:00:00,194027.77,1358194.41
1982.0,34.0,4.0,8.0,2024-05-01 00:00:00,114784.79,918278.33
1984.0,79.0,19.0,4.0,2023-08-12 00:00:00,94722.07,378888.29
1986.0,14.0,7.0,2.0,2024-03-14 00:00:00,151436.05,302872.11
1991.0,74.0,16.0,5.0,2022-10-07 00:00:00,115971.21,579856.05
1992.0,18.0,7.0,9.0,2023-05-04 00:00:00,157282.86,1415545.72
1993.0,71.0,19.0,15.0,2022-05-18 00:00:00,97747.21,1466208.19
1995.0,48.0,7.0,17.0,2023-06-25 00:00:00,149286.66,2537873.19
1996.0,100.0,13.0,2.0,2023-04-23 00:00:00,204590.25,409180.49
1997.0,11.0,2.0,10.58,2023-10-30 00:00:00,155777.88,1647741.74
1999.0,48.0,10.0,13.0,2021-03-26 00:00:00,90154.76,1172011.83
2000.0,66.0,1.0,12.0,2023-10-11 00:00:00,145275.61,1743307.26
2001.0,52.0,17.0,5.0,2023-12-18 00:00:00,178377.2,891886.02
2002.0,20.0,11.0,6.0,2021-10-05 00:00:00,164422.23,986533.38
2003.0,100.0,18.0,6.0,2022-12-13 00:00:00,127210.54,763263.24
2004.0,49.0,2.0,7.0,2022-12-11 00:00:00,161954.76,1133683.35
2010.0,25.0,10.0,3.0,2022-01-08 00:00:00,93260.73,279782.18
2011.0,14.0,20.0,14.0,2024-05-23 00:00:00,239968.09,3359553.26
2012.0,40.0,14.0,12.0,2021-04-10 00:00:00,128429.06,1541148.67
2014.0,21.0,7.0,13.0,2022-02-10 00:00:00,166025.24,2158328.07
2016.0,63.0,18.0,10.97,2023-10-27 00:00:00,137069.62,1504317.51
2017.0,73.0,15.0,19.0,2023-06-05 00:00:00,94167.51,1789182.7
2020.0,77.0,4.0,10.76,2024-02-23 00:00:00,123467.26,1327986.15
2023.0,5.0,14.0,4.0,2020-11-27 00:00:00,128800.0,515200.0
2027.0,67.0,7.0,16.0,2021-03-06 00:00:00,136584.56,2185353.01
2028.0,66.0,4.0,13.0,2021-01-06 00:00:00,117320.19,1525162.42
2033.0,80.0,19.0,13.0,2023-06-15 00:00:00,95200.0,1237600.0
2036.0,67.0,4.0,10.76,2024-02-08 00:00:00,121885.46,1310972.69
2039.0,35.0,17.0,19.0,2024-05-02 00:00:00,172440.35,3276366.66
2041.0,74.0,18.0,12.0,2022-05-19 00:00:00,124923.99,1499087.89
2042.0,16.0,1.0,9.0,2021-11-25 00:00:00,126611.15,1139500.31
2043.0,60.0,19.0,21.0,2021-06-21 00:00:00,94231.0,1978851.06
2044.0,92.0,3.0,0.0,2023-10-17 00:00:00,93443.56,0.0
2045.0,17.0,11.0,13.0,2022-04-26 00:00:00,146274.66,1901570.52
2046.0,94.0,6.0,3.0,2021-09-27 00:00:00,194560.07,583680.22
2049.0,83.0,4.0,0.0,2022-05-20 00:00:00,113549.8,0.0
2050.0,81.0,5.0,15.0,2021-11-02 00:00:00,87851.42,1317771.31
2051.0,10.0,13.0,2.0,2024-06-10 00:00:00,183692.76,367385.52
2052.0,99.0,10.0,13.0,2021-05-13 00:00:00,86416.95,1123420.41
2053.0,44.0,18.0,10.97,2022-03-03 00:00:00,122772.07,1347404.15
2054.0,33.0,12.0,13.0,2022-10-13 00:00:00,91601.45,1190818.86
2055.0,20.0,13.0,1.0,2022-05-05 00:00:00,193180.95,193180.95
2058.0,10.0,4.0,11.0,2024-01-01 00:00:00,121793.34,1339726.77
2060.0,54.0,8.0,4.0,2022-08-12 00:00:00,154229.28,616917.14
2062.0,4.0,13.0,10.73,2021-09-03 00:00:00,201699.27,2164128.94
2065.0,55.0,5.0,4.0,2022-11-13 00:00:00,85954.44,343817.78
2066.0,98.0,6.0,9.0,2021-02-09 00:00:00,177525.62,1597730.61
2068.0,67.0,18.0,9.0,2022-06-07 00:00:00,136251.63,1226264.71
2070.0,95.0,3.0,4.0,2024-08-03 00:00:00,96104.79,384419.18
2072.0,74.0,11.0,20.0,2023-09-07 00:00:00,160589.57,3211791.4
2075.0,25.0,18.0,2.0,2023-11-01 00:00:00,143001.16,286002.32
2080.0,43.0,12.0,5.0,2023-07-11 00:00:00,84982.2,424910.98
2083.0,54.0,7.0,12.0,2022-06-26 00:00:00,151200.0,1814400.0
2088.0,63.0,3.0,5.0,2021-04-28 00:00:00,96759.3,483796.49
2093.0,88.0,9.0,4.0,2020-12-30 00:00:00,112000.0,448000.0
2095.0,53.0,5.0,10.33,2022-01-04 00:00:00,75617.37,781060.38
2101.0,9.0,10.0,8.0,2021-03-16 00:00:00,98287.87,786302.98
2102.0,74.0,10.0,15.0,2023-05-22 00:00:00,90608.31,1359124.71
2105.0,28.0,10.0,19.0,2021-05-25 00:00:00,89600.0,1702400.0
2106.0,31.0,11.0,21.0,2021-01-31 00:00:00,153114.31,3215400.61
2108.0,56.0,20.0,8.0,2023-10-25 00:00:00,232730.83,1861846.66
2113.0,20.0,19.0,8.0,2024-01-18 00:00:00,90997.19,727977.49
2114.0,29.0,16.0,2.0,2023-07-13 00:00:00,110220.43,220440.86
2115.0,15.0,19.0,3.0,2021-10-02 00:00:00,103093.59,309280.77
2116.0,22.0,19.0,21.0,2022-03-26 00:00:00,95655.48,2008765.18
2119.0,97.0,6.0,10.63,2023-07-01 00:00:00,175627.68,1866226.55
2122.0,52.0,8.0,12.0,2023-07-12 00:00:00,152109.88,1825318.52
2125.0,87.0,13.0,18.0,2022-07-01 00:00:00,177186.44,3189355.84
2127.0,51.0,17.0,10.97,2021-03-08 00:00:00,174592.15,1915222.99
2131.0,66.0,18.0,13.0,2021-10-17 00:00:00,122605.85,1593876.1
2134.0,13.0,16.0,5.0,2023-08-21 00:00:00,100993.83,504969.17
2142.0,18.0,10.0,5.0,2020-11-18 00:00:00,98490.43,492452.16
2143.0,67.0,14.0,2.0,2023-12-06 00:00:00,128191.69,256383.39
2144.0,4.0,3.0,10.05,2024-09-10 00:00:00,98346.5,988283.15
2146.0,51.0,6.0,3.0,2024-09-08 00:00:00,177509.02,532527.07
2149.0,96.0,16.0,10.47,2021-05-19 00:00:00,101085.17,1058734.11
2150.0,9.0,10.0,19.0,2023-12-27 00:00:00,80815.73,1535498.8
2153.0,52.0,16.0,12.0,2023-05-31 00:00:00,110798.85,1329586.18
2165.0,67.0,8.0,13.0,2024-02-01 00:00:00,144043.77,1872569.06
2166.0,81.0,4.0,12.0,2023-01-30 00:00:00,121819.31,1461831.67
2167.0,77.0,3.0,10.05,2021-03-02 00:00:00,107761.8,1082897.44
2170.0,85.0,5.0,2.0,2022-06-11 00:00:00,85021.07,170042.13
2174.0,72.0,7.0,16.0,2023-05-18 00:00:00,142604.56,2281673.03
2175.0,7.0,14.0,8.0,2022-01-07 00:00:00,133191.92,1065535.35
2176.0,19.0,11.0,9.0,2024-07-08 00:00:00,157143.75,1414293.71
2181.0,18.0,1.0,18.0,2021-07-31 00:00:00,142668.18,2568027.22
2186.0,9.0,3.0,7.0,2023-09-24 00:00:00,94602.72,662219.06
2187.0,85.0,13.0,6.0,2022-08-04 00:00:00,176614.21,1059685.27
2189.0,62.0,1.0,13.0,2022-01-05 00:00:00,133558.22,1736256.82
2190.0,2.0,12.0,3.0,2023-04-06 00:00:00,88954.98,266864.95
2191.0,41.0,10.0,2.0,2022-08-11 00:00:00,92258.98,184517.97
2192.0,33.0,1.0,3.0,2024-10-27 00:00:00,130100.0,390299.99
2194.0,45.0,12.0,4.0,2022-05-26 00:00:00,80974.76,323899.05
2195.0,77.0,13.0,12.0,2024-08-08 00:00:00,196000.0,2352000.0
2196.0,88.0,15.0,9.0,2021-05-23 00:00:00,105350.84,948157.58
2197.0,48.0,8.0,6.0,2023-07-08 00:00:00,142838.33,857029.99
2200.0,80.0,18.0,3.0,2023-01-02 00:00:00,141269.22,423807.67
2209.0,94.0,14.0,11.0,2021-12-09 00:00:00,129347.69,1422824.57
2210.0,4.0,15.0,4.0,2022-05-17 00:00:00,102645.53,410582.13
2213.0,17.0,15.0,9.97,2023-04-15 00:00:00,99117.44,988608.23
2216.0,76.0,9.0,21.0,2023-05-24 00:00:00,122094.28,2563979.84
2217.0,85.0,6.0,1.0,2024-09-09 00:00:00,161528.03,161528.03
2218.0,69.0,2.0,10.58,2021-01-30 00:00:00,170149.09,1799753.33
2219.0,89.0,17.0,19.0,2022-07-15 00:00:00,161702.75,3072352.22
2220.0,60.0,5.0,13.0,2022-11-15 00:00:00,87793.49,1141315.4
2221.0,47.0,13.0,9.0,2022-06-01 00:00:00,206891.23,1862021.05
2224.0,24.0,8.0,5.0,2021-03-02 00:00:00,159955.4,799777.01
2225.0,76.0,13.0,14.0,2023-11-09 00:00:00,200843.57,2811809.95
2226.0,20.0,11.0,11.0,2021-11-22 00:00:00,156800.0,1724800.0
2227.0,12.0,16.0,13.0,2022-08-03 00:00:00,99738.14,1296595.87
2230.0,89.0,11.0,5.0,2024-02-06 00:00:00,156800.0,784000.0
2236.0,58.0,16.0,10.47,2023-10-31 00:00:00,106400.0,1114400.0
2238.0,9.0,20.0,16.0,2022-05-04 00:00:00,201797.95,3228767.26
2241.0,11.0,10.0,1.0,2022-02-02 00:00:00,92996.65,92996.65
2242.0,48.0,5.0,6.0,2021-10-28 00:00:00,89343.19,536059.13
2247.0,65.0,5.0,18.0,2023-11-02 00:00:00,92195.25,1659514.57
2248.0,52.0,15.0,12.0,2022-03-05 00:00:00,100800.0,1209600.0
2249.0,49.0,10.0,6.0,2021-03-25 00:00:00,98214.64,589287.82
2250.0,72.0,15.0,17.0,2022-05-08 00:00:00,105770.99,1798106.85
2253.0,9.0,7.0,10.41,2023-11-23 00:00:00,152350.44,1586094.23
2255.0,77.0,9.0,2.0,2023-03-07 00:00:00,122432.48,244864.96
2261.0,64.0,5.0,8.0,2021-01-08 00:00:00,88914.07,711312.58
2263.0,84.0,10.0,7.0,2022-02-19 00:00:00,88419.94,618939.6
2264.0,10.0,4.0,5.0,2023-06-28 00:00:00,131778.37,658891.83
2266.0,80.0,6.0,13.0,2021-09-04 00:00:00,177237.76,2304090.93
2267.0,91.0,14.0,1.0,2022-06-20 00:00:00,128800.0,128800.0
2270.0,37.0,17.0,17.0,2024-01-10 00:00:00,166135.65,2824306.1
2271.0,85.0,16.0,18.0,2023-06-30 00:00:00,101873.24,1833718.31
2272.0,19.0,1.0,9.89,2024-05-18 00:00:00,145597.7,1440507.21
2277.0,85.0,7.0,10.41,2022-03-28 00:00:00,151200.0,1574117.2
2280.0,25.0,8.0,1.0,2022-05-25 00:00:00,161401.19,161401.19
2281.0,28.0,5.0,10.33,2021-08-15 00:00:00,89018.41,919481.25
2283.0,62.0,19.0,20.0,2021-05-10 00:00:00,92939.35,1858787.03
2284.0,88.0,18.0,15.0,2023-02-28 00:00:00,121223.41,1818351.08
2287.0,36.0,17.0,10.0,2021-11-08 00:00:00,176698.95,1766989.45
2291.0,93.0,1.0,14.0,2024-05-21 00:00:00,129197.01,1808758.14
2293.0,63.0,5.0,17.0,2023-08-08 00:00:00,84000.0,1428000.0
2299.0,69.0,5.0,10.0,2022-07-17 00:00:00,84217.84,842178.38
2300.0,24.0,10.0,2.0,2022-01-25 00:00:00,94461.72,188923.44
2306.0,33.0,14.0,9.0,2023-02-05 00:00:00,140855.52,1267699.66
2308.0,48.0,9.0,9.0,2021-09-26 00:00:00,103345.45,930109.07
2309.0,64.0,20.0,13.0,2022-06-14 00:00:00,238379.05,3098927.61
2310.0,19.0,18.0,7.0,2023-08-04 00:00:00,136284.48,953991.34
2312.0,43.0,20.0,17.0,2023-09-22 00:00:00,217668.78,3700369.21
2313.0,41.0,5.0,10.0,2024-10-09 00:00:00,85124.85,851248.45
2314.0,45.0,1.0,5.0,2022-05-04 00:00:00,146934.24,734671.22
2316.0,8.0,2.0,6.0,2023-07-22 00:00:00,168000.0,1008000.0
2321.0,67.0,14.0,13.0,2021-09-08 00:00:00,140708.13,1829205.73
2327.0,98.0,6.0,10.63,2023-03-10 00:00:00,180275.66,1915616.14
2328.0,87.0,4.0,14.0,2022-01-18 00:00:00,118457.01,1658398.1
2333.0,87.0,3.0,9.0,2024-10-23 00:00:00,100423.59,903812.28
2336.0,23.0,7.0,21.0,2021-09-29 00:00:00,151200.0,3175200.0
2337.0,57.0,14.0,7.0,2020-11-11 00:00:00,121661.69,851631.84
2339.0,18.0,3.0,6.0,2022-09-14 00:00:00,97911.55,587469.29
2340.0,67.0,11.0,17.0,2024-09-28 00:00:00,148608.08,2526337.35
2342.0,43.0,5.0,10.33,2022-01-10 00:00:00,86222.33,890600.25
2343.0,57.0,15.0,0.0,2022-12-17 00:00:00,103009.96,0.0
2344.0,56.0,17.0,10.97,2021-11-23 00:00:00,168000.0,1842909.09
2350.0,87.0,18.0,10.0,2021-04-21 00:00:00,130567.27,1305672.69
2352.0,24.0,11.0,11.0,2024-01-10 00:00:00,156800.0,1724800.0
2353.0,65.0,16.0,0.0,2022-02-06 00:00:00,115972.42,0.0
2354.0,20.0,11.0,11.06,2024-03-01 00:00:00,172301.31,1905772.02
2355.0,64.0,2.0,13.0,2021-03-01 00:00:00,161345.0,2097485.0
2357.0,70.0,2.0,8.0,2021-08-20 00:00:00,169334.81,1354678.5
2358.0,48.0,17.0,2.0,2021-06-29 00:00:00,181652.14,363304.29
2359.0,50.0,15.0,14.0,2023-04-03 00:00:00,110653.77,1549152.76
2360.0,17.0,8.0,12.0,2023-07-07 00:00:00,155884.13,1870609.5
2368.0,90.0,11.0,15.0,2024-02-12 00:00:00,161928.48,2428927.2
2369.0,3.0,10.0,16.0,2021-02-09 00:00:00,89447.59,1431161.45
2374.0,70.0,11.0,19.0,2024-08-09 00:00:00,165228.08,3139333.44
2376.0,96.0,3.0,8.0,2021-10-31 00:00:00,95767.96,766143.7
2378.0,95.0,5.0,2.0,2021-12-04 00:00:00,90082.08,180164.16
2379.0,61.0,5.0,3.0,2021-11-06 00:00:00,84814.1,254442.3
2380.0,1.0,3.0,11.0,2024-04-02 00:00:00,106941.12,1176352.27
2382.0,65.0,3.0,4.0,2023-07-30 00:00:00,106677.27,426709.09
2384.0,99.0,6.0,15.0,2021-03-12 00:00:00,179473.9,2692108.44
2385.0,85.0,1.0,3.0,2021-06-12 00:00:00,140080.49,420241.47
2391.0,18.0,9.0,3.0,2021-09-06 00:00:00,116062.01,348186.03
2396.0,70.0,20.0,6.0,2023-03-09 00:00:00,244278.63,1465671.75
2397.0,49.0,1.0,9.89,2024-05-23 00:00:00,126667.12,1253212.8
2399.0,21.0,4.0,16.0,2024-08-10 00:00:00,126192.81,2019084.91
2402.0,85.0,17.0,5.0,2020-11-26 00:00:00,161514.45,807572.23
2405.0,79.0,12.0,7.0,2021-12-27 00:00:00,81969.46,573786.23
2407.0,89.0,19.0,4.0,2022-10-08 00:00:00,99762.11,399048.45
2408.0,18.0,16.0,8.0,2021-06-15 00:00:00,98545.39,788363.12
2409.0,1.0,13.0,10.73,2021-08-29 00:00:00,193894.62,2080389.04
2411.0,37.0,18.0,13.0,2022-03-28 00:00:00,135119.29,1756550.82
2412.0,61.0,5.0,4.0,2024-05-06 00:00:00,77612.78,310451.14
2414.0,7.0,3.0,1.0,2023-04-09 00:00:00,100800.0,100800.0
2415.0,40.0,19.0,13.0,2023-05-15 00:00:00,95054.71,1235711.28
2416.0,16.0,15.0,6.0,2021-11-14 00:00:00,107799.01,646794.08
2418.0,55.0,12.0,5.0,2022-04-29 00:00:00,78146.41,390732.06
2420.0,58.0,13.0,1.0,2024-02-07 00:00:00,202426.05,202426.05
2423.0,96.0,12.0,17.0,2023-08-01 00:00:00,88075.15,1497277.6
2425.0,61.0,15.0,19.0,2022-06-08 00:00:00,110827.02,2105713.35
2426.0,25.0,4.0,2.0,2021-09-06 00:00:00,127218.11,254436.21
2431.0,41.0,11.0,11.06,2022-05-01 00:00:00,167069.16,1847900.82
2433.0,56.0,3.0,0.0,2023-03-09 00:00:00,102385.37,0.0
2434.0,11.0,8.0,19.0,2024-04-09 00:00:00,160170.25,3043234.81
2435.0,32.0,14.0,0.0,2021-05-06 00:00:00,130371.56,0.0
2437.0,94.0,1.0,9.89,2020-12-18 00:00:00,127912.62,1265535.51
2440.0,34.0,16.0,4.0,2021-07-15 00:00:00,97407.38,389629.52
2443.0,20.0,4.0,10.76,2022-09-04 00:00:00,121891.87,1311041.59
2445.0,94.0,2.0,7.0,2022-06-16 00:00:00,156834.92,1097844.46
2446.0,78.0,5.0,2.0,2022-12-17 00:00:00,83256.52,166513.05
2450.0,69.0,9.0,12.0,2023-12-05 00:00:00,121735.72,1460828.67
2452.0,96.0,10.0,20.0,2024-09-04 00:00:00,86569.02,1731380.32
2453.0,25.0,19.0,9.0,2024-08-07 00:00:00,94160.53,847444.76
2458.0,67.0,16.0,17.0,2022-08-08 00:00:00,97907.42,1664426.14
2459.0,68.0,7.0,9.0,2020-11-22 00:00:00,153464.49,1381180.37
2460.0,36.0,13.0,10.73,2022-06-07 00:00:00,196000.0,2102978.72
2463.0,85.0,18.0,11.0,2021-01-29 00:00:00,127577.22,1403349.39
2469.0,7.0,7.0,4.0,2023-02-24 00:00:00,154957.59,619830.37
2473.0,87.0,15.0,0.0,2021-01-12 00:00:00,96075.02,0.0
2477.0,31.0,15.0,7.0,2022-05-18 00:00:00,100717.18,705020.22
2478.0,89.0,10.0,17.0,2024-08-29 00:00:00,81425.42,1384232.18
2481.0,32.0,11.0,17.0,2023-02-04 00:00:00,143748.5,2443724.49
2484.0,15.0,14.0,8.0,2023-01-01 00:00:00,139427.2,1115417.62
2488.0,21.0,3.0,7.0,2024-10-10 00:00:00,91249.57,638747.0
2489.0,91.0,11.0,3.0,2024-07-14 00:00:00,164716.17,494148.52
2493.0,59.0,11.0,6.0,2024-04-22 00:00:00,170043.46,1020260.77
2494.0,26.0,14.0,5.0,2023-04-02 00:00:00,122134.35,610671.73
2496.0,79.0,16.0,7.0,2024-09-18 00:00:00,106400.0,744800.0
2497.0,81.0,13.0,19.0,2021-04-11 00:00:00,184390.8,3503425.19
2500.0,78.0,8.0,1.0,2021-06-16 00:00:00,141305.31,141305.31
2505.0,63.0,6.0,17.0,2023-08-07 00:00:00,170512.2,2898707.33
2508.0,77.0,12.0,10.4,2024-01-17 00:00:00,88863.95,924521.44
2510.0,24.0,5.0,3.0,2021-02-15 00:00:00,90019.26,270057.79
2512.0,97.0,14.0,10.57,2024-06-01 00:00:00,139575.75,1475909.94
2513.0,72.0,10.0,2.0,2021-08-21 00:00:00,91583.12,183166.24
2514.0,39.0,5.0,0.0,2021-06-08 00:00:00,88405.24,0.0
2517.0,3.0,6.0,19.0,2024-10-09 00:00:00,171957.14,3267185.58
2519.0,25.0,4.0,5.0,2023-08-27 00:00:00,133561.08,667805.38
2520.0,39.0,4.0,8.0,2022-04-29 00:00:00,126243.78,1009950.2
2522.0,45.0,3.0,8.0,2024-02-25 00:00:00,105126.49,841011.92
2523.0,21.0,2.0,10.58,2022-06-08 00:00:00,158331.46,1674752.26
2531.0,21.0,12.0,2.0,2024-06-18 00:00:00,86435.61,172871.21
2540.0,37.0,10.0,14.0,2020-07-11 00:00:00,89600.0,1254400.0
2541.0,16.0,7.0,10.41,2023-10-05 00:00:00,151200.0,1574117.2
2546.0,46.0,4.0,13.0,2020-10-11 00:00:00,129140.74,1678829.65
2552.0,49.0,13.0,13.0,2023-09-05 00:00:00,191791.96,2493295.54
2553.0,7.0,13.0,10.73,2022-08-06 00:00:00,197786.45,2122146.41
2555.0,53.0,1.0,16.0,2024-03-07 00:00:00,147280.88,2356494.03
2557.0,15.0,9.0,3.0,2021-12-19 00:00:00,106248.16,318744.48
2559.0,34.0,6.0,6.0,2022-09-25 00:00:00,161454.94,968729.65
2560.0,61.0,8.0,2.0,2022-06-19 00:00:00,150204.32,300408.64
2562.0,82.0,1.0,17.0,2022-03-24 00:00:00,139919.03,2378623.5
2566.0,30.0,6.0,6.0,2022-08-29 00:00:00,177356.92,1064141.51
2570.0,17.0,18.0,10.97,2024-02-27 00:00:00,143764.37,1577791.37
2571.0,11.0,7.0,2.0,2024-05-05 00:00:00,151777.08,303554.17
2573.0,27.0,7.0,15.0,2021-12-02 00:00:00,147601.04,2214015.63
2574.0,55.0,2.0,10.0,2023-07-08 00:00:00,179768.19,1797681.93
2576.0,33.0,12.0,3.0,2022-06-15 00:00:00,91719.64,275158.91
2577.0,88.0,3.0,15.0,2024-09-11 00:00:00,96644.22,1449663.26
2579.0,20.0,5.0,4.0,2022-05-03 00:00:00,85626.75,342506.99
2580.0,80.0,11.0,20.0,2023-01-21 00:00:00,156823.77,3136475.39
2582.0,69.0,7.0,12.0,2023-12-28 00:00:00,160735.41,1928824.97
2584.0,100.0,14.0,6.0,2024-01-06 00:00:00,123626.92,741761.53
2590.0,91.0,3.0,5.0,2023-08-31 00:00:00,108152.55,540762.73
2596.0,64.0,8.0,15.0,2021-12-27 00:00:00,156025.97,2340389.53
2597.0,97.0,6.0,12.0,2023-12-07 00:00:00,179200.0,2150400.0
2600.0,10.0,15.0,20.0,2022-09-18 00:00:00,94077.71,1881554.11
2602.0,16.0,4.0,0.0,2023-05-12 00:00:00,115687.09,0.0
2605.0,44.0,16.0,1.0,2024-07-29 00:00:00,105745.1,105745.1
2607.0,24.0,4.0,12.0,2023-11-23 00:00:00,111639.6,1339675.19
2608.0,71.0,7.0,20.0,2021-03-31 00:00:00,151200.0,3024000.0
2609.0,43.0,17.0,8.0,2023-05-18 00:00:00,178368.5,1426947.97
2610.0,79.0,14.0,6.0,2023-10-01 00:00:00,119614.89,717689.36
2613.0,98.0,19.0,20.0,2024-05-15 00:00:00,98544.0,1970879.92
2618.0,23.0,13.0,19.0,2023-05-09 00:00:00,212540.09,4038261.68
2619.0,71.0,10.0,14.0,2022-02-08 00:00:00,95185.93,1332603.07
2620.0,16.0,15.0,3.0,2023-04-13 00:00:00,100192.42,300577.27
2623.0,19.0,5.0,5.0,2022-08-09 00:00:00,88115.12,440575.62
2624.0,14.0,19.0,20.0,2023-03-01 00:00:00,92943.67,1858873.47
2629.0,29.0,13.0,10.0,2022-06-16 00:00:00,179699.77,1796997.71
2630.0,5.0,19.0,18.0,2024-07-27 00:00:00,97496.86,1754943.53
2632.0,20.0,5.0,6.0,2021-07-26 00:00:00,84612.48,507674.9
2635.0,23.0,13.0,7.0,2024-08-27 00:00:00,180300.03,1262100.23
2636.0,36.0,6.0,14.0,2023-02-02 00:00:00,193120.38,2703685.33
2637.0,18.0,7.0,13.0,2021-05-23 00:00:00,158180.14,2056341.78
2639.0,77.0,12.0,17.0,2021-10-06 00:00:00,87887.59,1494088.95
2641.0,30.0,1.0,10.0,2020-11-05 00:00:00,152598.87,1525988.66
2642.0,64.0,20.0,16.0,2022-11-05 00:00:00,210209.33,3363349.22
2643.0,5.0,9.0,7.0,2024-04-02 00:00:00,117255.9,820791.3
2648.0,3.0,6.0,17.0,2021-07-14 00:00:00,169269.26,2877577.44
2651.0,79.0,4.0,5.0,2023-04-14 00:00:00,120691.78,603458.9
2655.0,87.0,10.0,12.0,2022-04-20 00:00:00,91028.03,1092336.39
2656.0,8.0,17.0,16.0,2024-06-30 00:00:00,158381.69,2534107.03
2657.0,95.0,10.0,12.0,2023-09-25 00:00:00,97485.44,1169825.3
2658.0,10.0,6.0,10.0,2022-01-26 00:00:00,178270.54,1782705.36
2659.0,60.0,12.0,12.0,2023-08-11 00:00:00,76128.94,913547.26
2663.0,77.0,11.0,1.0,2022-01-20 00:00:00,162600.08,162600.08
2670.0,71.0,1.0,0.0,2024-11-10 00:00:00,152475.97,0.0
2671.0,7.0,8.0,7.0,2022-01-02 00:00:00,157153.53,1100074.73
2674.0,8.0,7.0,10.41,2021-12-27 00:00:00,152270.02,1585257.01
2676.0,4.0,2.0,13.0,2022-07-08 00:00:00,168000.0,2184000.0
2677.0,54.0,4.0,6.0,2023-03-03 00:00:00,113480.75,680884.5
2679.0,66.0,20.0,16.0,2021-10-10 00:00:00,228243.43,3651894.91
2680.0,92.0,14.0,14.0,2022-05-12 00:00:00,138043.59,1932610.23
2686.0,89.0,4.0,10.76,2024-10-13 00:00:00,129135.36,1388950.93
2688.0,11.0,8.0,6.0,2022-03-02 00:00:00,152923.5,917540.98
2694.0,20.0,18.0,12.0,2021-10-11 00:00:00,139374.09,1672489.09
2696.0,11.0,5.0,9.0,2023-10-09 00:00:00,81873.14,736858.27
2700.0,52.0,7.0,8.0,2023-10-19 00:00:00,153806.52,1230452.19
2702.0,36.0,13.0,6.0,2024-09-06 00:00:00,187802.1,1126812.59
2710.0,87.0,19.0,4.0,2023-10-13 00:00:00,100855.97,403423.86
2713.0,45.0,8.0,3.0,2023-03-04 00:00:00,147345.86,442037.59
2717.0,95.0,15.0,8.0,2023-09-16 00:00:00,97561.35,780490.81
2721.0,46.0,4.0,19.0,2024-10-10 00:00:00,122247.98,2322711.66
2722.0,73.0,11.0,18.0,2022-01-16 00:00:00,166169.3,2991047.4
2726.0,76.0,2.0,4.0,2024-02-16 00:00:00,167103.78,668415.13
2727.0,31.0,11.0,11.06,2023-10-03 00:00:00,157466.04,1741683.61
2728.0,97.0,7.0,2.0,2024-06-27 00:00:00,149478.52,298957.04
2729.0,30.0,5.0,9.0,2024-04-01 00:00:00,84539.53,760855.78
2731.0,48.0,16.0,3.0,2021-07-12 00:00:00,110977.86,332933.57
2733.0,21.0,14.0,1.0,2020-11-24 00:00:00,116520.97,116520.97
2735.0,46.0,4.0,20.0,2022-10-18 00:00:00,116929.33,2338586.56
2736.0,19.0,19.0,9.0,2021-06-18 00:00:00,92412.55,831712.94
2739.0,65.0,14.0,2.0,2021-09-04 00:00:00,138900.77,277801.54
2741.0,59.0,16.0,3.0,2021-05-13 00:00:00,99318.65,297955.96
2743.0,69.0,10.0,1.0,2023-03-16 00:00:00,85543.84,85543.84
2746.0,22.0,12.0,3.0,2023-05-11 00:00:00,87583.18,262749.53
2748.0,10.0,10.0,19.0,2022-04-01 00:00:00,92369.63,1755023.0
2751.0,84.0,1.0,12.0,2022-04-30 00:00:00,128216.8,1538601.56
2754.0,11.0,5.0,10.33,2024-06-09 00:00:00,84131.33,869002.14
2755.0,38.0,1.0,3.0,2021-02-08 00:00:00,132069.11,396207.32
2756.0,43.0,18.0,20.0,2023-09-10 00:00:00,124078.79,2481575.9
2757.0,23.0,1.0,3.0,2023-01-16 00:00:00,143528.93,430586.8
2761.0,42.0,12.0,10.4,2023-12-12 00:00:00,79985.79,832155.02
2762.0,12.0,3.0,20.0,2022-10-03 00:00:00,103769.37,2075387.4
2763.0,51.0,15.0,16.0,2024-12-04 00:00:00,96412.74,1542603.84
2766.0,9.0,11.0,1.0,2024-05-02 00:00:00,156800.0,156800.0
2767.0,55.0,17.0,0.0,2024-01-08 00:00:00,162205.17,0.0
2768.0,5.0,10.0,15.0,2024-10-25 00:00:00,97303.93,1459558.93
2769.0,100.0,8.0,13.0,2022-05-31 00:00:00,161830.2,2103792.56
2775.0,28.0,17.0,8.0,2023-11-03 00:00:00,168000.0,1344000.0
2778.0,25.0,4.0,4.0,2022-12-13 00:00:00,123200.0,492800.0
2779.0,86.0,9.0,13.0,2024-01-20 00:00:00,109148.52,1418930.81
2782.0,40.0,19.0,9.0,2020-07-12 00:00:00,93767.76,843909.84
2787.0,28.0,13.0,19.0,2021-01-18 00:00:00,196413.81,3731862.46
2788.0,4.0,19.0,6.0,2023-03-12 00:00:00,103553.55,621321.28
2791.0,85.0,8.0,18.0,2024-05-07 00:00:00,157835.54,2841039.64
2793.0,49.0,8.0,3.0,2024-09-18 00:00:00,164519.42,493558.27
2794.0,68.0,9.0,20.0,2024-05-05 00:00:00,101303.77,2026075.31
2795.0,67.0,16.0,14.0,2024-02-16 00:00:00,114916.69,1608833.7
2796.0,60.0,5.0,19.0,2022-04-15 00:00:00,79508.95,1510669.98
2798.0,83.0,7.0,12.0,2020-08-12 00:00:00,145408.06,1744896.68
2799.0,35.0,15.0,13.0,2022-05-04 00:00:00,97907.92,1272803.0
2800.0,59.0,1.0,13.0,2022-02-13 00:00:00,140000.0,1820000.0
2802.0,88.0,13.0,16.0,2022-04-03 00:00:00,196000.0,3136000.0
2808.0,100.0,19.0,18.0,2024-03-15 00:00:00,90368.77,1626637.85
2809.0,81.0,20.0,16.0,2021-11-02 00:00:00,224000.0,3584000.0
2811.0,13.0,20.0,9.0,2022-04-18 00:00:00,215295.3,1937657.66
2815.0,50.0,13.0,9.0,2024-06-15 00:00:00,186994.77,1682952.94
2817.0,23.0,13.0,17.0,2023-07-03 00:00:00,187040.97,3179696.45
2821.0,30.0,19.0,13.0,2023-03-18 00:00:00,90555.9,1177226.72
2823.0,72.0,7.0,7.0,2022-06-19 00:00:00,163372.69,1143608.85
2827.0,82.0,2.0,1.0,2023-04-08 00:00:00,157476.04,157476.04
2829.0,36.0,17.0,19.0,2023-05-15 00:00:00,164284.15,3121398.84
2832.0,8.0,5.0,5.0,2024-05-10 00:00:00,88414.07,442070.34
2833.0,44.0,15.0,19.0,2022-03-05 00:00:00,97082.54,1844568.22
2834.0,85.0,5.0,8.0,2022-12-07 00:00:00,76138.73,609109.82
2840.0,87.0,10.0,16.0,2021-12-27 00:00:00,90263.21,1444211.44
2841.0,25.0,16.0,11.0,2021-03-07 00:00:00,98430.02,1082730.23
2842.0,21.0,13.0,10.73,2022-02-13 00:00:00,193133.59,2072223.58
2845.0,97.0,9.0,3.0,2023-07-12 00:00:00,102473.84,307421.51
2848.0,76.0,5.0,16.0,2023-04-06 00:00:00,83260.89,1332174.23
2849.0,29.0,7.0,13.0,2023-02-19 00:00:00,145571.01,1892423.16
2850.0,19.0,20.0,1.0,2020-11-17 00:00:00,242371.25,242371.25
2852.0,3.0,15.0,2.0,2023-06-16 00:00:00,96523.53,193047.06
2857.0,86.0,6.0,0.0,2023-05-05 00:00:00,163095.13,0.0
2858.0,54.0,3.0,2.0,2023-03-23 00:00:00,107413.18,214826.36
2860.0,84.0,7.0,11.0,2023-11-26 00:00:00,157350.13,1730851.4
2861.0,26.0,4.0,18.0,2024-02-05 00:00:00,112044.96,2016809.3
2866.0,85.0,1.0,2.0,2023-05-02 00:00:00,141160.73,282321.47
2870.0,11.0,2.0,10.58,2023-11-12 00:00:00,155112.62,1640704.94
2873.0,10.0,7.0,10.41,2021-05-17 00:00:00,136467.76,1420742.33
2874.0,6.0,10.0,16.0,2024-07-05 00:00:00,87526.64,1400426.31
2876.0,8.0,5.0,6.0,2021-08-30 00:00:00,87887.15,527322.88
2878.0,56.0,1.0,16.0,2022-09-26 00:00:00,143467.32,2295477.13
2881.0,94.0,10.0,4.0,2024-07-25 00:00:00,89600.0,358400.0
2882.0,33.0,20.0,17.0,2020-11-02 00:00:00,224000.0,3808000.0
2883.0,69.0,13.0,10.0,2024-06-30 00:00:00,196000.0,1960000.0
2889.0,81.0,6.0,11.0,2022-10-25 00:00:00,173430.06,1907730.64
2891.0,96.0,18.0,10.97,2024-09-15 00:00:00,129493.72,1421173.21
2892.0,70.0,9.0,3.0,2024-04-10 00:00:00,120437.97,361313.9
2893.0,57.0,1.0,16.0,2022-08-21 00:00:00,148103.2,2369651.15
2895.0,45.0,1.0,5.0,2021-07-12 00:00:00,127192.22,635961.11
2896.0,59.0,3.0,16.0,2021-10-16 00:00:00,101587.79,1625404.63
2899.0,15.0,17.0,5.0,2021-01-13 00:00:00,170730.95,853654.73
2901.0,22.0,12.0,11.0,2022-02-20 00:00:00,91190.68,1003097.51
2902.0,4.0,17.0,17.0,2024-04-05 00:00:00,181417.88,3084104.01
2903.0,67.0,17.0,2.0,2021-08-27 00:00:00,151202.39,302404.78
2910.0,25.0,10.0,10.42,2020-12-12 00:00:00,80715.4,841311.84
2911.0,95.0,11.0,2.0,2022-07-05 00:00:00,168497.32,336994.63
2912.0,17.0,6.0,9.0,2021-02-03 00:00:00,165075.3,1485677.74
2913.0,52.0,2.0,16.0,2024-10-09 00:00:00,151858.02,2429728.37
2915.0,49.0,8.0,13.0,2022-09-27 00:00:00,159376.94,2071900.22
2916.0,52.0,18.0,4.0,2022-01-17 00:00:00,144464.49,577857.94
2921.0,63.0,14.0,18.0,2021-10-10 00:00:00,131439.24,2365906.31
2928.0,17.0,8.0,2.0,2022-04-24 00:00:00,136154.39,272308.77
2932.0,13.0,18.0,14.0,2022-04-01 00:00:00,132500.9,1855012.63
2933.0,42.0,9.0,8.0,2024-03-06 00:00:00,112000.0,896000.0
2934.0,1.0,12.0,17.0,2024-07-10 00:00:00,83421.34,1418162.81
2936.0,20.0,16.0,17.0,2022-09-06 00:00:00,114294.39,1943004.63
2937.0,6.0,8.0,10.56,2024-06-10 00:00:00,145455.18,1536170.85
2939.0,42.0,19.0,3.0,2021-10-08 00:00:00,89231.63,267694.89
2940.0,46.0,6.0,4.0,2024-08-26 00:00:00,179200.0,716800.0
2946.0,75.0,20.0,19.0,2021-11-04 00:00:00,224000.0,4256000.0
2947.0,68.0,10.0,20.0,2023-07-04 00:00:00,91315.82,1826316.4
2948.0,56.0,3.0,1.0,2022-02-11 00:00:00,106785.13,106785.13
2957.0,42.0,12.0,4.0,2021-03-14 00:00:00,76467.96,305871.86
2958.0,51.0,5.0,10.33,2023-11-22 00:00:00,78914.96,815121.62
2959.0,77.0,3.0,6.0,2023-11-23 00:00:00,109246.61,655479.68
2960.0,52.0,16.0,15.0,2024-05-20 00:00:00,106400.0,1596000.0
2961.0,67.0,10.0,3.0,2021-12-01 00:00:00,81823.42,245470.25
2962.0,15.0,15.0,18.0,2023-05-19 00:00:00,106975.46,1925558.28
2963.0,22.0,10.0,16.0,2024-01-27 00:00:00,92284.46,1476551.31
2969.0,83.0,18.0,10.97,2021-03-27 00:00:00,132258.86,1451520.23
2970.0,87.0,13.0,16.0,2021-03-16 00:00:00,196000.0,3136000.0
2974.0,3.0,5.0,20.0,2021-08-13 00:00:00,91148.83,1822976.68
2976.0,84.0,17.0,11.0,2021-07-06 00:00:00,170618.06,1876798.71
2977.0,94.0,18.0,3.0,2022-08-18 00:00:00,129309.9,387929.71
2980.0,82.0,18.0,17.0,2022-11-10 00:00:00,145418.79,2472119.42
2985.0,77.0,11.0,6.0,2022-01-10 00:00:00,142246.49,853478.95
2986.0,56.0,18.0,13.0,2023-04-20 00:00:00,132443.09,1721760.22
2987.0,93.0,12.0,14.0,2024-01-16 00:00:00,88187.48,1234624.77
2988.0,73.0,15.0,17.0,2024-04-15 00:00:00,105590.56,1795039.44
2991.0,94.0,9.0,13.0,2023-05-27 00:00:00,115257.97,1498353.57
2992.0,50.0,20.0,12.0,2022-04-18 00:00:00,220494.25,2645930.94
2994.0,71.0,15.0,4.0,2021-09-28 00:00:00,100800.0,403200.0
2995.0,5.0,3.0,9.0,2023-12-26 00:00:00,93514.4,841629.63
2997.0,24.0,1.0,21.0,2024-07-20 00:00:00,145857.11,3062999.35
3001.0,65.0,19.0,10.0,2022-09-12 00:00:00,97265.48,972654.76
3002.0,29.0,16.0,2.0,2021-05-13 00:00:00,106576.16,213152.32
3005.0,75.0,5.0,17.0,2023-05-16 00:00:00,90481.44,1538184.55
3006.0,50.0,19.0,7.0,2024-10-20 00:00:00,87487.17,612410.22
3007.0,17.0,8.0,10.0,2022-04-30 00:00:00,155798.86,1557988.56
3009.0,13.0,16.0,14.0,2023-07-13 00:00:00,102032.99,1428461.86
3010.0,78.0,8.0,4.0,2023-04-09 00:00:00,156734.65,626938.59
3011.0,70.0,11.0,11.0,2023-09-30 00:00:00,169185.88,1861044.65
3013.0,65.0,11.0,13.0,2024-09-29 00:00:00,150453.62,1955897.02
3014.0,62.0,4.0,16.0,2022-11-19 00:00:00,123200.0,1971200.0
3015.0,84.0,10.0,14.0,2021-04-28 00:00:00,95067.75,1330948.49
3017.0,82.0,18.0,17.0,2021-01-22 00:00:00,143575.91,2440790.52
3018.0,15.0,19.0,8.0,2022-05-27 00:00:00,103065.72,824525.73
3019.0,18.0,19.0,3.0,2023-07-19 00:00:00,101409.57,304228.72
3022.0,97.0,18.0,17.0,2021-02-08 00:00:00,144532.08,2457045.41
3024.0,11.0,11.0,21.0,2022-10-18 00:00:00,151052.54,3172103.33
3027.0,5.0,7.0,7.0,2022-12-09 00:00:00,164184.39,1149290.7
3028.0,49.0,2.0,5.0,2023-11-07 00:00:00,159422.29,797111.43
3029.0,41.0,11.0,18.0,2021-04-06 00:00:00,146075.9,2629366.28
3033.0,59.0,18.0,19.0,2023-03-12 00:00:00,134411.8,2553824.14
3039.0,80.0,12.0,12.0,2021-10-14 00:00:00,76550.32,918603.85
3040.0,91.0,16.0,14.0,2022-03-07 00:00:00,106400.0,1489600.0
3043.0,3.0,6.0,11.0,2022-01-14 00:00:00,167388.81,1841276.87
3046.0,88.0,8.0,5.0,2022-03-06 00:00:00,137787.13,688935.63
3051.0,50.0,6.0,3.0,2022-07-03 00:00:00,180420.47,541261.41
3054.0,10.0,17.0,6.0,2022-12-06 00:00:00,158646.11,951876.66
3056.0,67.0,3.0,14.0,2023-09-26 00:00:00,91676.19,1283466.59
3058.0,69.0,13.0,1.0,2021-05-06 00:00:00,183072.58,183072.58
3060.0,93.0,20.0,14.0,2022-11-16 00:00:00,235338.43,3294738.02
3062.0,5.0,16.0,14.0,2021-04-17 00:00:00,110802.83,1551239.55
3064.0,73.0,12.0,7.0,2022-01-04 00:00:00,82671.11,578697.78
3065.0,24.0,2.0,9.0,2024-07-28 00:00:00,163305.0,1469745.04
3067.0,29.0,1.0,9.89,2022-08-24 00:00:00,145711.72,1441635.38
3076.0,19.0,12.0,21.0,2021-12-24 00:00:00,85030.91,1785649.17
3078.0,2.0,15.0,16.0,2023-05-31 00:00:00,92025.34,1472405.39
3079.0,45.0,7.0,10.0,2021-05-30 00:00:00,146703.45,1467034.5
3081.0,80.0,14.0,9.0,2023-06-06 00:00:00,140077.03,1260693.29
3082.0,92.0,1.0,10.0,2020-12-16 00:00:00,144193.53,1441935.28
3083.0,44.0,2.0,12.0,2023-11-30 00:00:00,152121.83,1825461.93
3084.0,49.0,14.0,10.57,2023-07-18 00:00:00,134811.56,1425532.18
3085.0,17.0,7.0,11.0,2023-02-26 00:00:00,147437.22,1621809.39
3086.0,23.0,3.0,7.0,2024-03-30 00:00:00,92731.64,649121.51
3087.0,4.0,1.0,8.0,2022-07-29 00:00:00,133468.85,1067750.8
3089.0,41.0,13.0,7.0,2023-10-17 00:00:00,187463.67,1312245.66
3098.0,28.0,19.0,20.0,2024-02-14 00:00:00,88746.65,1774933.07
3100.0,75.0,6.0,8.0,2021-05-03 00:00:00,162535.91,1300287.25
3101.0,97.0,8.0,14.0,2024-07-15 00:00:00,144469.71,2022575.96
3103.0,21.0,12.0,1.0,2023-07-07 00:00:00,91207.71,91207.71
3105.0,44.0,10.0,19.0,2021-03-07 00:00:00,81504.69,1548589.11
3108.0,39.0,20.0,10.0,2021-02-21 00:00:00,204602.17,2046021.71
3109.0,62.0,3.0,12.0,2022-10-30 00:00:00,100800.0,1209600.0
3110.0,88.0,10.0,3.0,2021-05-20 00:00:00,94787.53,284362.59
3112.0,23.0,14.0,13.0,2023-01-11 00:00:00,131041.02,1703533.2
3113.0,3.0,9.0,6.0,2023-02-23 00:00:00,119189.6,715137.6
3114.0,65.0,9.0,7.0,2024-08-01 00:00:00,122052.61,854368.29
3115.0,73.0,19.0,1.0,2024-01-14 00:00:00,89593.39,89593.39
3118.0,56.0,2.0,14.0,2020-10-12 00:00:00,162269.25,2271769.46
3121.0,76.0,15.0,6.0,2021-06-25 00:00:00,101283.43,607700.57
3123.0,44.0,13.0,5.0,2023-01-01 00:00:00,191783.07,958915.36
3124.0,80.0,7.0,14.0,2022-03-04 00:00:00,151200.0,2116800.0
3125.0,75.0,11.0,20.0,2021-11-18 00:00:00,141227.59,2824551.75
3127.0,52.0,19.0,17.0,2021-03-02 00:00:00,102070.34,1735195.75
3135.0,39.0,11.0,15.0,2021-08-05 00:00:00,142578.75,2138681.3
3139.0,20.0,11.0,2.0,2023-03-02 00:00:00,165979.68,331959.35
3142.0,88.0,11.0,20.0,2022-04-03 00:00:00,159987.69,3199753.83
3144.0,30.0,15.0,5.0,2024-01-12 00:00:00,105031.41,525157.05
3145.0,97.0,10.0,7.0,2021-12-19 00:00:00,94170.68,659194.73
3146.0,23.0,18.0,17.0,2023-05-26 00:00:00,144455.94,2455750.97
3148.0,13.0,13.0,0.0,2023-07-27 00:00:00,214829.21,0.0
3150.0,63.0,7.0,10.41,2021-06-29 00:00:00,159939.41,1665101.69
3154.0,85.0,4.0,21.0,2021-05-23 00:00:00,113195.33,2377101.99
3156.0,6.0,3.0,11.0,2023-05-12 00:00:00,100800.0,1108800.0
3157.0,18.0,11.0,3.0,2022-07-21 00:00:00,157407.83,472223.48
3158.0,93.0,19.0,17.0,2024-05-24 00:00:00,95200.0,1618400.0
3159.0,54.0,5.0,19.0,2023-01-06 00:00:00,81076.8,1540459.11
3160.0,70.0,9.0,8.0,2024-10-07 00:00:00,111584.81,892678.47
3164.0,9.0,17.0,21.0,2022-04-24 00:00:00,161959.26,3401144.4
3167.0,46.0,6.0,0.0,2023-12-14 00:00:00,183912.83,0.0
3168.0,33.0,12.0,10.4,2021-01-08 00:00:00,90262.07,939067.23
3173.0,16.0,18.0,8.0,2020-03-11 00:00:00,144290.3,1154322.41
3176.0,13.0,17.0,18.0,2021-05-20 00:00:00,168241.46,3028346.28
3177.0,6.0,18.0,8.0,2022-04-07 00:00:00,126832.34,1014658.73
3178.0,48.0,3.0,17.0,2022-08-11 00:00:00,105454.49,1792726.28
3179.0,63.0,16.0,20.0,2024-06-15 00:00:00,99960.05,1999200.93
3180.0,80.0,15.0,8.0,2021-03-17 00:00:00,106272.77,850182.14
3184.0,60.0,11.0,16.0,2024-03-03 00:00:00,160828.58,2573257.3
3185.0,64.0,16.0,15.0,2023-06-27 00:00:00,104613.49,1569202.34
3189.0,3.0,7.0,2.0,2023-06-15 00:00:00,143691.12,287382.24
3190.0,98.0,11.0,2.0,2023-12-09 00:00:00,158149.84,316299.68
3191.0,22.0,14.0,5.0,2022-06-06 00:00:00,131939.18,659695.9
3193.0,12.0,13.0,9.0,2023-07-08 00:00:00,208366.11,1875294.95
3195.0,70.0,8.0,5.0,2022-10-03 00:00:00,143673.89,718369.44
3198.0,25.0,9.0,20.0,2022-08-09 00:00:00,109686.73,2193734.64
3199.0,97.0,20.0,18.0,2022-07-15 00:00:00,243691.96,4386455.35
3200.0,6.0,9.0,10.46,2021-01-22 00:00:00,122545.05,1281524.13
3201.0,54.0,14.0,10.57,2021-05-20 00:00:00,137221.11,1451011.34
3203.0,96.0,19.0,2.0,2024-04-01 00:00:00,97497.36,194994.73
3204.0,60.0,17.0,6.0,2024-01-17 00:00:00,152688.66,916131.98
3207.0,71.0,3.0,10.05,2023-05-21 00:00:00,104152.26,1046625.12
3208.0,63.0,2.0,10.58,2023-01-24 00:00:00,174449.22,1845237.96
3210.0,97.0,15.0,13.0,2021-06-27 00:00:00,91799.75,1193396.78
3213.0,6.0,17.0,8.0,2023-11-02 00:00:00,174439.97,1395519.8
3218.0,75.0,8.0,5.0,2021-08-10 00:00:00,165433.76,827168.82
3219.0,56.0,3.0,10.05,2023-01-25 00:00:00,109015.55,1095496.37
3222.0,48.0,16.0,10.47,2022-12-04 00:00:00,113657.5,1190412.81
3223.0,7.0,20.0,13.0,2022-01-12 00:00:00,210691.06,2738983.75
3225.0,93.0,17.0,14.0,2023-08-08 00:00:00,181168.85,2536363.88
3226.0,92.0,13.0,17.0,2020-12-18 00:00:00,180432.76,3067356.88
3227.0,50.0,17.0,7.0,2022-02-18 00:00:00,169692.65,1187848.54
3228.0,59.0,8.0,4.0,2021-04-22 00:00:00,140165.69,560662.77
3230.0,10.0,9.0,0.0,2022-09-10 00:00:00,109883.1,0.0
3232.0,15.0,17.0,5.0,2022-05-28 00:00:00,159009.39,795046.93
3234.0,91.0,4.0,19.0,2024-08-10 00:00:00,122732.55,2331918.49
3237.0,81.0,8.0,20.0,2021-03-15 00:00:00,165232.73,3304654.51
3241.0,91.0,10.0,5.0,2023-04-03 00:00:00,92741.62,463708.09
3244.0,55.0,6.0,20.0,2024-03-10 00:00:00,179200.0,3584000.0
3248.0,84.0,15.0,14.0,2024-08-23 00:00:00,108142.02,1513988.26
3251.0,59.0,9.0,5.0,2023-02-12 00:00:00,122867.24,614336.21
3252.0,94.0,10.0,12.0,2024-01-15 00:00:00,82054.8,984657.66
3255.0,75.0,10.0,10.42,2022-04-13 00:00:00,83629.16,871682.52
3257.0,26.0,8.0,11.0,2023-11-03 00:00:00,161332.93,1774662.23
3262.0,31.0,2.0,10.58,2023-05-13 00:00:00,157535.2,1666329.73
3264.0,62.0,14.0,2.0,2021-11-05 00:00:00,127628.1,255256.2
3265.0,51.0,3.0,9.0,2022-10-05 00:00:00,110857.57,997718.12
3267.0,12.0,16.0,4.0,2021-09-08 00:00:00,113419.79,453679.16
3268.0,99.0,15.0,9.0,2024-07-05 00:00:00,100659.2,905932.84
3269.0,77.0,14.0,7.0,2021-12-16 00:00:00,127045.86,889321.03
3272.0,79.0,9.0,3.0,2023-04-26 00:00:00,117787.35,353362.05
3275.0,38.0,18.0,8.0,2021-11-08 00:00:00,147650.56,1181204.48
3276.0,82.0,10.0,8.0,2024-10-05 00:00:00,92115.94,736927.5
3280.0,44.0,16.0,13.0,2021-02-22 00:00:00,113852.37,1480080.75
3281.0,86.0,1.0,7.0,2023-12-11 00:00:00,147706.82,1033947.72
3283.0,20.0,5.0,1.0,2021-02-01 00:00:00,84000.0,84000.0
3284.0,20.0,12.0,2.0,2021-02-02 00:00:00,81916.65,163833.3
3285.0,33.0,20.0,18.0,2022-07-26 00:00:00,218615.88,3935085.78
3289.0,28.0,4.0,10.76,2022-09-16 00:00:00,114353.84,1229964.24
3292.0,31.0,1.0,18.0,2021-06-09 00:00:00,134951.53,2429127.55
3293.0,29.0,2.0,6.0,2024-06-14 00:00:00,167443.45,1004660.7
3294.0,27.0,13.0,1.0,2021-03-25 00:00:00,203302.51,203302.51
3300.0,1.0,2.0,14.0,2023-07-31 00:00:00,168000.0,2352000.0
3303.0,82.0,9.0,9.0,2021-12-06 00:00:00,112000.0,1008000.0
3305.0,81.0,9.0,2.0,2023-05-11 00:00:00,115916.51,231833.01
3306.0,95.0,11.0,15.0,2021-04-19 00:00:00,146766.59,2201498.91
3309.0,17.0,1.0,8.0,2024-10-23 00:00:00,136674.58,1093396.67
3310.0,68.0,4.0,13.0,2022-11-20 00:00:00,120670.08,1568711.04
3313.0,93.0,5.0,7.0,2021-02-23 00:00:00,76284.72,533993.05
3314.0,63.0,1.0,8.0,2021-02-03 00:00:00,129597.79,1036782.33
3317.0,2.0,13.0,1.0,2023-05-09 00:00:00,211752.26,211752.26
3318.0,4.0,9.0,4.0,2020-12-17 00:00:00,108512.79,434051.15
3319.0,21.0,1.0,9.89,2024-09-25 00:00:00,153463.55,1518330.02
3323.0,16.0,6.0,16.0,2024-04-07 00:00:00,173855.21,2781683.41
3324.0,7.0,14.0,10.57,2020-10-11 00:00:00,135305.26,1430752.68
3325.0,80.0,3.0,11.0,2024-10-15 00:00:00,105806.57,1163872.24
3326.0,75.0,5.0,1.0,2022-03-10 00:00:00,83341.7,83341.7
3328.0,100.0,12.0,19.0,2021-06-01 00:00:00,84000.0,1596000.0
3330.0,52.0,8.0,5.0,2024-08-01 00:00:00,161900.18,809500.89
3335.0,30.0,6.0,18.0,2022-04-28 00:00:00,177814.36,3200658.55
3336.0,88.0,15.0,11.0,2021-07-29 00:00:00,92074.67,1012821.37
3338.0,90.0,17.0,15.0,2021-09-09 00:00:00,176957.36,2654360.45
3342.0,49.0,3.0,11.0,2023-05-16 00:00:00,108109.93,1189209.21
3346.0,52.0,14.0,14.0,2021-06-21 00:00:00,117245.56,1641437.79
3351.0,42.0,5.0,19.0,2023-08-01 00:00:00,86015.17,1634288.23
3353.0,75.0,3.0,12.0,2023-08-03 00:00:00,107206.41,1286476.89
3354.0,23.0,10.0,6.0,2023-01-13 00:00:00,97174.68,583048.08
3357.0,96.0,1.0,15.0,2023-03-29 00:00:00,140000.0,2100000.0
3358.0,96.0,11.0,11.0,2020-02-12 00:00:00,142287.18,1565159.01
3361.0,93.0,2.0,10.58,2020-11-07 00:00:00,177000.9,1872228.41
3362.0,58.0,20.0,8.0,2021-12-14 00:00:00,224000.0,1792000.0
3364.0,66.0,19.0,2.0,2022-11-13 00:00:00,97490.5,194980.99
3365.0,92.0,7.0,19.0,2022-06-03 00:00:00,164552.44,3126496.35
3366.0,13.0,1.0,13.0,2022-10-02 00:00:00,126479.52,1644233.74
3369.0,12.0,5.0,18.0,2023-01-29 00:00:00,87169.55,1569051.94
3370.0,43.0,11.0,7.0,2022-07-12 00:00:00,169842.53,1188897.71
3372.0,3.0,17.0,11.0,2021-05-20 00:00:00,155651.44,1712165.88
3373.0,4.0,11.0,2.0,2023-08-02 00:00:00,153786.62,307573.25
3376.0,10.0,15.0,12.0,2021-05-28 00:00:00,90881.33,1090575.93
3380.0,83.0,18.0,2.0,2024-07-16 00:00:00,121153.68,242307.36
3383.0,81.0,20.0,1.0,2022-10-14 00:00:00,234837.32,234837.32
3385.0,45.0,9.0,0.0,2024-01-30 00:00:00,107398.52,0.0
3386.0,87.0,15.0,4.0,2023-04-10 00:00:00,106466.78,425867.1
3387.0,63.0,7.0,3.0,2021-10-26 00:00:00,151200.0,453600.0
3388.0,1.0,14.0,6.0,2020-07-12 00:00:00,128800.0,772800.0
3392.0,67.0,4.0,2.0,2021-04-20 00:00:00,123037.18,246074.35
3394.0,35.0,9.0,15.0,2022-06-09 00:00:00,121700.2,1825502.92
3396.0,71.0,18.0,18.0,2021-12-09 00:00:00,145858.23,2625448.07
3400.0,8.0,8.0,19.0,2023-07-04 00:00:00,160036.22,3040688.13
3401.0,56.0,20.0,2.0,2021-01-08 00:00:00,204332.02,408664.04
3403.0,62.0,10.0,12.0,2022-04-21 00:00:00,97595.04,1171140.53
3407.0,59.0,2.0,1.0,2024-04-01 00:00:00,160228.25,160228.25
3409.0,16.0,1.0,21.0,2022-02-09 00:00:00,131439.55,2760230.64
3410.0,30.0,3.0,1.0,2024-08-16 00:00:00,94627.59,94627.59
3413.0,93.0,18.0,17.0,2021-03-16 00:00:00,134400.0,2284800.0
3417.0,26.0,20.0,20.0,2021-07-03 00:00:00,224000.0,4480000.0
3421.0,71.0,6.0,20.0,2023-04-09 00:00:00,162611.49,3252229.74
3422.0,86.0,12.0,4.0,2021-11-12 00:00:00,78442.09,313768.36
3425.0,8.0,9.0,11.0,2021-10-12 00:00:00,112000.0,1232000.0
3428.0,92.0,11.0,17.0,2022-06-12 00:00:00,147632.4,2509750.77
3430.0,75.0,18.0,10.97,2021-10-12 00:00:00,130494.35,1432154.99
3438.0,11.0,13.0,21.0,2024-08-06 00:00:00,193612.46,4065861.73
3439.0,19.0,12.0,13.0,2024-03-20 00:00:00,85880.68,1116448.87
3440.0,59.0,11.0,4.0,2023-05-06 00:00:00,144308.84,577235.37
3447.0,5.0,17.0,10.97,2021-12-12 00:00:00,171331.98,1879459.92
3449.0,96.0,6.0,7.0,2024-07-04 00:00:00,177526.68,1242686.79
3450.0,43.0,1.0,17.0,2023-03-02 00:00:00,140000.0,2380000.0
3452.0,38.0,10.0,7.0,2021-07-26 00:00:00,98454.51,689181.56
3453.0,95.0,11.0,4.0,2022-10-09 00:00:00,150231.06,600924.23
3458.0,82.0,14.0,15.0,2021-07-17 00:00:00,140184.66,2102769.87
3463.0,35.0,11.0,15.0,2021-07-11 00:00:00,165131.18,2476967.77
3464.0,38.0,14.0,16.0,2021-04-17 00:00:00,139009.38,2224150.08
3466.0,78.0,10.0,7.0,2024-03-17 00:00:00,89600.0,627200.0
3467.0,18.0,6.0,20.0,2022-09-01 00:00:00,168779.9,3375597.95
3469.0,72.0,5.0,6.0,2023-11-08 00:00:00,77181.63,463089.8
3475.0,93.0,13.0,15.0,2022-04-09 00:00:00,192961.82,2894427.33
3476.0,47.0,8.0,10.56,2022-09-18 00:00:00,157030.99,1658424.45
3479.0,16.0,13.0,11.0,2023-11-11 00:00:00,181778.49,1999563.35
3481.0,40.0,1.0,7.0,2022-06-16 00:00:00,131354.35,919480.48
3486.0,89.0,8.0,9.0,2023-09-18 00:00:00,137848.92,1240640.31
3487.0,86.0,16.0,6.0,2020-11-27 00:00:00,95864.23,575185.38
3488.0,95.0,8.0,20.0,2024-06-03 00:00:00,151259.72,3025194.44
3491.0,58.0,16.0,7.0,2021-01-09 00:00:00,100973.68,706815.73
3495.0,6.0,14.0,13.0,2023-09-21 00:00:00,128800.0,1674400.0
3497.0,57.0,19.0,10.0,2020-11-25 00:00:00,95200.0,952000.0
3499.0,60.0,8.0,17.0,2023-08-10 00:00:00,148654.19,2527121.23
3502.0,39.0,15.0,16.0,2023-04-29 00:00:00,100800.0,1612800.0
3504.0,87.0,11.0,14.0,2022-08-19 00:00:00,164754.03,2306556.4
3507.0,53.0,18.0,19.0,2021-07-25 00:00:00,134400.0,2553600.0
3511.0,82.0,17.0,16.0,2023-08-27 00:00:00,181548.18,2904770.86
3517.0,17.0,11.0,15.0,2021-07-26 00:00:00,156040.1,2340601.52
3518.0,57.0,14.0,5.0,2021-07-24 00:00:00,140599.99,702999.95
3521.0,64.0,5.0,4.0,2022-04-09 00:00:00,78263.9,313055.6
3525.0,9.0,15.0,12.0,2021-02-02 00:00:00,109220.87,1310650.43
3526.0,56.0,1.0,15.0,2024-10-22 00:00:00,147052.91,2205793.65
3528.0,78.0,6.0,7.0,2024-02-26 00:00:00,173101.35,1211709.43
3529.0,30.0,6.0,6.0,2024-01-01 00:00:00,196736.06,1180416.37
3530.0,37.0,2.0,11.0,2021-11-11 00:00:00,152120.97,1673330.68
3531.0,28.0,5.0,19.0,2022-05-26 00:00:00,85560.43,1625648.12
3532.0,50.0,19.0,10.3,2021-09-23 00:00:00,104294.29,1073799.25
3533.0,1.0,19.0,4.0,2020-12-08 00:00:00,102520.77,410083.06
3536.0,11.0,17.0,4.0,2021-09-07 00:00:00,168051.56,672206.25
3538.0,73.0,3.0,10.05,2021-01-08 00:00:00,100728.22,1012217.03
3539.0,85.0,15.0,6.0,2023-03-17 00:00:00,100800.0,604800.0
3540.0,45.0,8.0,10.56,2023-03-15 00:00:00,151200.0,1596842.63
3542.0,65.0,7.0,11.0,2022-07-11 00:00:00,138804.48,1526849.26
3544.0,46.0,16.0,3.0,2021-09-02 00:00:00,109816.68,329450.04
3545.0,61.0,8.0,7.0,2023-04-09 00:00:00,151200.0,1058400.0
3548.0,64.0,14.0,11.0,2021-02-06 00:00:00,138104.04,1519144.49
3551.0,21.0,5.0,5.0,2023-07-03 00:00:00,86642.81,433214.07
3552.0,90.0,17.0,11.0,2021-11-21 00:00:00,161559.14,1777150.59
3554.0,3.0,9.0,15.0,2024-04-29 00:00:00,105370.88,1580563.13
3555.0,87.0,9.0,17.0,2022-03-17 00:00:00,101645.69,1727976.72
3558.0,63.0,6.0,6.0,2020-12-09 00:00:00,174606.46,1047638.77
3562.0,21.0,15.0,20.0,2021-12-11 00:00:00,106537.9,2130757.97
3563.0,64.0,20.0,10.85,2022-10-18 00:00:00,215947.08,2342698.66
3564.0,6.0,20.0,10.0,2023-01-05 00:00:00,206030.8,2060308.01
3565.0,90.0,12.0,13.0,2022-10-10 00:00:00,78809.05,1024517.69
3568.0,26.0,2.0,6.0,2023-05-11 00:00:00,174677.52,1048065.15
3569.0,48.0,19.0,13.0,2024-06-25 00:00:00,95200.0,1237600.0
3571.0,87.0,3.0,4.0,2022-06-16 00:00:00,95241.33,380965.31
3572.0,3.0,5.0,9.0,2022-06-08 00:00:00,84000.0,756000.0
3573.0,36.0,4.0,1.0,2024-08-13 00:00:00,123200.0,123200.0
3576.0,70.0,10.0,14.0,2023-11-11 00:00:00,85567.66,1197947.26
3578.0,79.0,18.0,16.0,2024-06-12 00:00:00,144941.5,2319064.01
3586.0,84.0,6.0,18.0,2022-12-12 00:00:00,191317.03,3443706.6
3599.0,90.0,6.0,5.0,2023-08-01 00:00:00,161423.29,807116.43
3601.0,78.0,11.0,18.0,2023-02-19 00:00:00,165656.89,2981823.98
3603.0,38.0,16.0,16.0,2024-03-27 00:00:00,112376.51,1798024.17
3605.0,66.0,9.0,10.0,2023-06-11 00:00:00,123168.67,1231686.74
3608.0,88.0,18.0,20.0,2024-08-03 00:00:00,134400.0,2688000.0
3609.0,41.0,15.0,15.0,2024-03-07 00:00:00,100800.0,1512000.0
3611.0,68.0,2.0,18.0,2023-11-09 00:00:00,153892.03,2770056.56
3613.0,96.0,2.0,3.0,2023-07-11 00:00:00,151748.67,455246.02
3614.0,49.0,4.0,10.76,2023-02-16 00:00:00,127193.96,1368069.71
3615.0,42.0,2.0,18.0,2022-07-21 00:00:00,167834.28,3021017.05
3616.0,15.0,19.0,12.0,2020-11-27 00:00:00,86819.85,1041838.23
3617.0,65.0,17.0,13.0,2023-02-13 00:00:00,158967.54,2066578.08
3618.0,32.0,16.0,8.0,2021-10-06 00:00:00,106400.0,851200.0
3619.0,49.0,17.0,16.0,2021-04-27 00:00:00,168000.0,2688000.0
3627.0,14.0,4.0,7.0,2023-01-06 00:00:00,130199.94,911399.56
3628.0,48.0,5.0,6.0,2021-09-01 00:00:00,84126.9,504761.4
3629.0,88.0,12.0,11.0,2022-11-16 00:00:00,80531.99,885851.93
3631.0,37.0,16.0,10.47,2022-11-17 00:00:00,96708.0,1012889.1
3633.0,59.0,17.0,18.0,2021-02-10 00:00:00,162655.82,2927804.79
3636.0,84.0,11.0,14.0,2023-07-05 00:00:00,145753.48,2040548.7
3638.0,52.0,3.0,10.05,2023-06-09 00:00:00,108294.43,1088249.77
3642.0,15.0,9.0,10.46,2021-11-17 00:00:00,111939.49,1170615.65
3645.0,42.0,11.0,6.0,2023-03-22 00:00:00,157932.58,947595.46
3647.0,73.0,19.0,3.0,2021-06-15 00:00:00,99004.26,297012.79
3651.0,73.0,8.0,14.0,2022-01-16 00:00:00,156266.0,2187723.94
3652.0,56.0,10.0,19.0,2024-09-28 00:00:00,88417.57,1679933.86
3653.0,88.0,19.0,16.0,2024-04-26 00:00:00,91465.0,1463440.07
3655.0,12.0,3.0,15.0,2022-09-24 00:00:00,107154.98,1607324.77
3657.0,52.0,8.0,5.0,2021-01-28 00:00:00,147570.6,737853.02
3658.0,49.0,4.0,14.0,2022-01-09 00:00:00,111429.72,1560016.1
3659.0,76.0,4.0,2.0,2021-05-24 00:00:00,116009.88,232019.77
3662.0,71.0,18.0,9.0,2023-09-02 00:00:00,129212.07,1162908.62
3663.0,92.0,3.0,0.0,2024-01-09 00:00:00,94100.93,0.0
3668.0,88.0,1.0,8.0,2023-11-27 00:00:00,140000.0,1120000.0
3670.0,15.0,11.0,3.0,2021-08-07 00:00:00,156800.0,470400.0
3671.0,57.0,6.0,4.0,2022-09-30 00:00:00,190139.56,760558.25
3674.0,19.0,7.0,9.0,2022-02-03 00:00:00,160388.28,1443494.55
3675.0,47.0,3.0,11.0,2024-01-28 00:00:00,103495.39,1138449.27
3677.0,81.0,17.0,18.0,2021-02-07 00:00:00,181869.2,3273645.59
3679.0,2.0,14.0,19.0,2020-12-11 00:00:00,120431.42,2288196.94
3680.0,79.0,11.0,11.06,2024-08-04 00:00:00,156800.0,1734316.76
3681.0,76.0,7.0,2.0,2023-01-26 00:00:00,154374.6,308749.19
3682.0,79.0,5.0,11.0,2024-09-07 00:00:00,79828.69,878115.6
3683.0,88.0,9.0,16.0,2022-12-26 00:00:00,121358.16,1941730.53
3686.0,88.0,2.0,20.0,2022-06-11 00:00:00,168000.0,3360000.0
3688.0,49.0,9.0,13.0,2021-08-28 00:00:00,108953.86,1416400.22
3690.0,38.0,1.0,2.0,2021-10-22 00:00:00,130292.92,260585.84
3703.0,23.0,6.0,5.0,2023-07-31 00:00:00,184918.87,924594.33
3705.0,65.0,15.0,16.0,2024-01-31 00:00:00,100800.0,1612800.0
3706.0,43.0,3.0,15.0,2023-05-23 00:00:00,107174.6,1607619.08
3708.0,50.0,8.0,9.0,2021-04-02 00:00:00,144315.12,1298836.1
3709.0,85.0,9.0,13.0,2023-06-19 00:00:00,115651.08,1503464.09
3714.0,45.0,5.0,12.0,2021-08-30 00:00:00,88903.48,1066841.79
3715.0,9.0,16.0,6.0,2023-09-05 00:00:00,98487.27,590923.65
3716.0,56.0,11.0,7.0,2023-12-10 00:00:00,156800.0,1097600.0
3717.0,99.0,15.0,21.0,2023-09-14 00:00:00,105293.81,2211169.91
3730.0,95.0,16.0,1.0,2022-08-13 00:00:00,108064.36,108064.36
3731.0,40.0,9.0,9.0,2021-05-22 00:00:00,107107.6,963968.41
3734.0,45.0,3.0,9.0,2024-08-13 00:00:00,101774.6,915971.41
3737.0,19.0,1.0,11.0,2023-04-08 00:00:00,147685.36,1624538.93
3739.0,12.0,12.0,9.0,2021-07-05 00:00:00,90850.44,817653.92
3740.0,37.0,3.0,4.0,2021-07-25 00:00:00,105518.3,422073.21
3741.0,99.0,3.0,8.0,2022-06-30 00:00:00,101952.34,815618.69
3742.0,73.0,5.0,3.0,2024-09-29 00:00:00,91615.45,274846.36
3744.0,78.0,1.0,12.0,2021-12-08 00:00:00,140000.0,1680000.0
3745.0,47.0,15.0,0.0,2024-01-26 00:00:00,100103.32,0.0
3746.0,14.0,18.0,19.0,2023-05-14 00:00:00,134400.0,2553600.0
3747.0,14.0,2.0,15.0,2024-07-18 00:00:00,181841.7,2727625.53
3750.0,16.0,9.0,0.0,2021-03-11 00:00:00,120172.2,0.0
3753.0,82.0,20.0,8.0,2022-07-08 00:00:00,232479.45,1859835.56
3754.0,79.0,16.0,21.0,2022-11-07 00:00:00,96503.67,2026577.1
3755.0,4.0,9.0,20.0,2023-01-22 00:00:00,105657.22,2113144.42
3756.0,21.0,19.0,18.0,2023-12-03 00:00:00,95587.95,1720583.16
3757.0,30.0,20.0,4.0,2023-07-29 00:00:00,234759.43,939037.71
3758.0,44.0,7.0,11.0,2021-04-03 00:00:00,151200.0,1663200.0
3762.0,35.0,20.0,10.0,2021-04-06 00:00:00,229513.62,2295136.16
3764.0,84.0,7.0,8.0,2022-09-26 00:00:00,141614.77,1132918.18
3766.0,14.0,11.0,1.0,2024-07-05 00:00:00,145496.14,145496.14
3767.0,83.0,8.0,14.0,2022-07-02 00:00:00,137526.74,1925374.31
3768.0,6.0,9.0,20.0,2021-04-21 00:00:00,115667.9,2313358.03
3778.0,74.0,17.0,9.0,2021-03-05 00:00:00,152982.24,1376840.16
3780.0,57.0,4.0,2.0,2024-03-22 00:00:00,126277.05,252554.09
3782.0,26.0,6.0,10.63,2024-02-14 00:00:00,180268.46,1915539.63
3786.0,95.0,18.0,16.0,2021-11-17 00:00:00,144064.66,2305034.51
3788.0,34.0,6.0,11.0,2023-11-25 00:00:00,195834.86,2154183.48
3792.0,4.0,1.0,14.0,2024-05-12 00:00:00,140141.67,1961983.44
3795.0,97.0,17.0,14.0,2021-07-08 00:00:00,155464.63,2176504.89
3796.0,61.0,1.0,3.0,2022-11-26 00:00:00,144222.55,432667.65
3802.0,86.0,13.0,13.0,2023-01-18 00:00:00,204575.49,2659481.41
3803.0,93.0,10.0,20.0,2024-12-01 00:00:00,94844.4,1896887.96
3804.0,81.0,15.0,6.0,2022-03-02 00:00:00,93848.79,563092.75
3805.0,46.0,6.0,10.63,2021-03-03 00:00:00,194446.11,2066191.96
3807.0,75.0,11.0,9.0,2020-11-28 00:00:00,147477.15,1327294.39
3808.0,43.0,19.0,15.0,2021-08-21 00:00:00,93616.06,1404240.84
3811.0,2.0,9.0,10.46,2024-10-05 00:00:00,107116.91,1120183.22
3813.0,48.0,1.0,19.0,2024-11-04 00:00:00,137408.28,2610757.23
3814.0,59.0,5.0,9.0,2023-11-22 00:00:00,89477.64,805298.8
3818.0,69.0,11.0,14.0,2023-11-11 00:00:00,163988.44,2295838.16
3821.0,17.0,15.0,10.0,2021-12-06 00:00:00,92070.06,920700.64
3822.0,35.0,18.0,14.0,2021-12-03 00:00:00,136002.2,1904030.87
3825.0,71.0,2.0,10.0,2021-10-22 00:00:00,157188.46,1571884.57
3826.0,60.0,19.0,10.3,2022-06-11 00:00:00,91650.0,943615.43
3828.0,38.0,1.0,12.0,2022-10-25 00:00:00,136892.38,1642708.56
3836.0,92.0,6.0,12.0,2022-04-29 00:00:00,166603.01,1999236.13
3838.0,81.0,3.0,16.0,2020-12-20 00:00:00,100800.0,1612800.0
3842.0,97.0,10.0,9.0,2022-10-13 00:00:00,95445.8,859012.21
3843.0,37.0,6.0,16.0,2024-05-10 00:00:00,186030.99,2976495.78
3844.0,67.0,11.0,7.0,2021-05-31 00:00:00,166146.87,1163028.09
3845.0,64.0,7.0,19.0,2024-05-07 00:00:00,163146.16,3099776.95
3848.0,4.0,11.0,4.0,2023-10-28 00:00:00,162408.54,649634.15
3850.0,88.0,4.0,21.0,2023-11-15 00:00:00,117728.28,2472293.79
3851.0,25.0,2.0,19.0,2022-11-19 00:00:00,161429.42,3067158.93
3852.0,43.0,13.0,3.0,2021-02-28 00:00:00,195373.87,586121.62
3854.0,32.0,3.0,10.05,2022-06-01 00:00:00,102699.73,1032028.65
3857.0,6.0,19.0,6.0,2021-03-31 00:00:00,92344.62,554067.71
3859.0,64.0,4.0,15.0,2021-10-17 00:00:00,115283.57,1729253.49
3861.0,32.0,18.0,5.0,2021-04-04 00:00:00,128513.61,642568.07
3863.0,81.0,10.0,14.0,2023-12-19 00:00:00,80679.82,1129517.43
3864.0,92.0,12.0,9.0,2021-06-17 00:00:00,89163.96,802475.68
3866.0,91.0,8.0,4.0,2022-02-25 00:00:00,151200.0,604800.0
3867.0,72.0,17.0,10.0,2024-08-18 00:00:00,175750.49,1757504.88
3868.0,53.0,9.0,13.0,2020-10-12 00:00:00,115745.98,1504697.74
3870.0,30.0,11.0,19.0,2023-10-06 00:00:00,166453.32,3162613.0
3872.0,21.0,7.0,6.0,2021-08-01 00:00:00,141566.14,849396.86
3874.0,7.0,11.0,11.06,2024-08-12 00:00:00,169440.38,1874128.15
3876.0,4.0,17.0,6.0,2023-11-07 00:00:00,176111.0,1056665.98
3877.0,14.0,2.0,8.0,2023-02-04 00:00:00,154964.96,1239719.67
3881.0,15.0,5.0,1.0,2022-12-01 00:00:00,88574.58,88574.58
3883.0,53.0,10.0,11.0,2022-06-11 00:00:00,87403.8,961441.8
3884.0,53.0,1.0,13.0,2021-09-19 00:00:00,152246.93,1979210.1
3886.0,83.0,10.0,18.0,2022-08-09 00:00:00,86699.5,1560591.01
3888.0,38.0,18.0,11.0,2023-05-11 00:00:00,130520.18,1435722.03
3889.0,66.0,9.0,17.0,2024-07-24 00:00:00,108590.74,1846042.53
3890.0,26.0,13.0,1.0,2024-01-25 00:00:00,182080.81,182080.81
3892.0,86.0,2.0,12.0,2024-02-25 00:00:00,153421.86,1841062.28
3893.0,69.0,11.0,8.0,2021-01-12 00:00:00,148172.96,1185383.64
3894.0,44.0,13.0,4.0,2023-12-23 00:00:00,213795.98,855183.9
3897.0,34.0,5.0,4.0,2022-10-22 00:00:00,80333.66,321334.63
3898.0,80.0,17.0,9.0,2024-02-07 00:00:00,158496.64,1426469.77
3901.0,75.0,11.0,16.0,2021-09-03 00:00:00,156800.0,2508800.0
3903.0,93.0,6.0,10.63,2023-02-12 00:00:00,170405.5,1810735.42
3904.0,42.0,19.0,10.0,2021-10-12 00:00:00,99156.6,991566.05
3906.0,24.0,11.0,16.0,2023-01-21 00:00:00,158203.61,2531257.84
3908.0,54.0,16.0,3.0,2022-05-19 00:00:00,99825.8,299477.39
3913.0,4.0,8.0,9.0,2021-04-07 00:00:00,139312.38,1253811.41
3915.0,89.0,2.0,10.58,2022-08-02 00:00:00,184553.22,1952113.05
3919.0,77.0,18.0,1.0,2022-09-11 00:00:00,129269.9,129269.9
3922.0,12.0,19.0,18.0,2024-01-14 00:00:00,101583.65,1828505.78
3924.0,78.0,17.0,2.0,2021-02-21 00:00:00,156507.07,313014.15
3925.0,91.0,10.0,5.0,2023-08-12 00:00:00,82071.26,410356.32
3926.0,35.0,5.0,18.0,2020-11-15 00:00:00,76018.86,1368339.47
3927.0,21.0,11.0,17.0,2022-08-04 00:00:00,163998.47,2787973.93
3929.0,39.0,3.0,5.0,2023-01-19 00:00:00,92939.42,464697.08
3935.0,5.0,18.0,18.0,2023-05-19 00:00:00,121088.02,2179584.36
3936.0,1.0,19.0,10.3,2022-05-15 00:00:00,102084.74,1051049.97
3938.0,77.0,5.0,4.0,2023-02-22 00:00:00,88708.43,354833.72
3939.0,65.0,13.0,8.0,2021-09-03 00:00:00,196939.48,1575515.86
3942.0,68.0,20.0,12.0,2022-06-08 00:00:00,224489.98,2693879.78
3945.0,32.0,14.0,2.0,2023-07-30 00:00:00,125334.51,250669.03
3946.0,46.0,3.0,10.0,2021-12-26 00:00:00,99327.3,993272.96
3948.0,79.0,19.0,11.0,2021-09-02 00:00:00,95821.01,1054031.15
3950.0,71.0,5.0,17.0,2022-12-12 00:00:00,79404.44,1349875.47
3951.0,16.0,6.0,1.0,2024-06-25 00:00:00,191498.85,191498.85
3952.0,82.0,9.0,7.0,2021-08-25 00:00:00,102841.31,719889.17
3953.0,92.0,17.0,9.0,2024-09-17 00:00:00,156685.27,1410167.45
3955.0,63.0,14.0,11.0,2020-05-11 00:00:00,127749.03,1405239.33
3957.0,16.0,13.0,9.0,2022-11-02 00:00:00,196000.0,1764000.0
3958.0,92.0,14.0,12.0,2020-11-04 00:00:00,115991.42,1391897.06
3962.0,2.0,3.0,13.0,2024-08-14 00:00:00,109301.89,1420924.61
3963.0,77.0,12.0,11.0,2022-08-05 00:00:00,82043.7,902480.65
3965.0,62.0,3.0,8.0,2021-12-10 00:00:00,105097.05,840776.4
3967.0,17.0,13.0,7.0,2023-02-11 00:00:00,194784.87,1363494.08
3968.0,15.0,8.0,7.0,2024-07-21 00:00:00,136689.94,956829.6
3969.0,12.0,10.0,13.0,2022-09-06 00:00:00,92423.48,1201505.2
3971.0,66.0,2.0,19.0,2022-09-01 00:00:00,170525.86,3239991.31
3972.0,59.0,2.0,9.0,2023-02-07 00:00:00,175500.36,1579503.2
3977.0,88.0,20.0,16.0,2022-07-19 00:00:00,237856.56,3805704.93
3979.0,55.0,11.0,7.0,2021-12-04 00:00:00,156800.0,1097600.0
3980.0,94.0,16.0,10.0,2023-02-27 00:00:00,100200.33,1002003.34
3984.0,38.0,10.0,14.0,2023-08-09 00:00:00,96463.47,1350488.59
3987.0,74.0,16.0,21.0,2023-07-24 00:00:00,114459.13,2403641.66
3988.0,86.0,19.0,10.0,2022-11-13 00:00:00,90476.43,904764.33
3989.0,24.0,6.0,10.63,2022-03-09 00:00:00,181288.59,1926379.58
3990.0,1.0,1.0,5.0,2023-12-03 00:00:00,126807.89,634039.44
3993.0,58.0,12.0,4.0,2021-06-12 00:00:00,77853.82,311415.29
3996.0,56.0,4.0,10.76,2024-05-02 00:00:00,130052.74,1398818.07
4001.0,42.0,13.0,18.0,2023-06-08 00:00:00,191027.39,3438493.1
4006.0,11.0,1.0,12.0,2022-09-06 00:00:00,128211.95,1538543.34
4008.0,65.0,19.0,1.0,2024-05-01 00:00:00,86996.76,86996.76
4009.0,45.0,8.0,2.0,2024-08-29 00:00:00,139309.11,278618.22
4010.0,61.0,10.0,10.42,2021-10-05 00:00:00,89550.36,933400.25
4018.0,78.0,19.0,17.0,2023-09-20 00:00:00,94628.42,1608683.06
4019.0,63.0,19.0,4.0,2022-12-30 00:00:00,104023.46,416093.86
4020.0,90.0,4.0,2.0,2024-02-05 00:00:00,133423.52,266847.04
4022.0,64.0,2.0,9.0,2023-05-04 00:00:00,164597.6,1481378.37
4025.0,47.0,14.0,3.0,2021-07-02 00:00:00,117304.88,351914.64
4026.0,69.0,1.0,14.0,2022-12-06 00:00:00,145453.95,2036355.3
4029.0,92.0,12.0,20.0,2023-06-07 00:00:00,76683.24,1533664.85
4030.0,24.0,11.0,6.0,2021-06-23 00:00:00,142893.03,857358.16
4033.0,24.0,5.0,11.0,2021-09-14 00:00:00,77164.2,848806.24
4035.0,64.0,4.0,13.0,2023-12-03 00:00:00,119069.69,1547905.98
4042.0,45.0,4.0,19.0,2022-12-07 00:00:00,114321.95,2172116.96
4044.0,21.0,18.0,15.0,2024-10-10 00:00:00,133626.41,2004396.11
4045.0,15.0,14.0,1.0,2021-03-06 00:00:00,118658.03,118658.03
4046.0,90.0,4.0,0.0,2022-11-26 00:00:00,113578.93,0.0
4047.0,91.0,10.0,11.0,2023-12-09 00:00:00,85245.32,937698.51
4050.0,90.0,16.0,10.47,2021-03-03 00:00:00,103011.49,1078909.85
4051.0,6.0,10.0,20.0,2021-07-21 00:00:00,80822.49,1616449.76
4059.0,1.0,5.0,17.0,2022-10-09 00:00:00,84925.65,1443736.09
4060.0,12.0,8.0,4.0,2024-07-08 00:00:00,159907.0,639627.99
4061.0,52.0,4.0,10.0,2023-06-28 00:00:00,111852.2,1118522.02
4062.0,56.0,7.0,12.0,2021-02-28 00:00:00,148187.0,1778244.06
4063.0,32.0,14.0,5.0,2021-10-15 00:00:00,125698.49,628492.44
4064.0,67.0,1.0,17.0,2024-09-08 00:00:00,142214.15,2417640.55
4066.0,96.0,12.0,16.0,2024-07-07 00:00:00,89950.55,1439208.73
4069.0,73.0,9.0,10.46,2023-08-18 00:00:00,107751.54,1126819.9
4070.0,56.0,11.0,8.0,2021-11-24 00:00:00,171106.19,1368849.5
4075.0,35.0,10.0,4.0,2023-04-09 00:00:00,96863.49,387453.96
4081.0,1.0,5.0,5.0,2022-06-09 00:00:00,77021.95,385109.77
4083.0,13.0,18.0,1.0,2022-12-25 00:00:00,122114.07,122114.07
4084.0,77.0,12.0,17.0,2021-05-23 00:00:00,77106.19,1310805.19
4086.0,18.0,19.0,11.0,2023-03-10 00:00:00,95956.63,1055522.88
4087.0,33.0,11.0,5.0,2020-11-30 00:00:00,172138.97,860694.87
4088.0,70.0,13.0,9.0,2022-01-28 00:00:00,182402.89,1641625.97
4089.0,14.0,16.0,10.0,2021-09-20 00:00:00,106386.48,1063864.79
4090.0,84.0,7.0,10.41,2024-12-06 00:00:00,165486.38,1722850.29
4092.0,68.0,2.0,15.0,2021-07-02 00:00:00,178462.53,2676937.98
4094.0,37.0,6.0,15.0,2023-05-14 00:00:00,168440.14,2526602.06
4096.0,21.0,1.0,14.0,2021-05-31 00:00:00,148842.81,2083799.35
4097.0,80.0,14.0,5.0,2022-10-27 00:00:00,117345.43,586727.14
4098.0,2.0,7.0,4.0,2024-05-09 00:00:00,160598.64,642394.56
4102.0,70.0,3.0,21.0,2020-12-16 00:00:00,100800.0,2116800.0
4103.0,36.0,7.0,5.0,2023-09-19 00:00:00,139622.2,698110.99
4104.0,59.0,13.0,12.0,2024-03-31 00:00:00,211057.68,2532692.12
4105.0,87.0,11.0,9.0,2021-07-09 00:00:00,171528.78,1543759.04
4107.0,48.0,16.0,14.0,2020-11-25 00:00:00,97324.05,1362536.7
4109.0,53.0,6.0,16.0,2024-02-28 00:00:00,179200.0,2867200.0
4111.0,11.0,2.0,11.0,2023-04-08 00:00:00,155898.17,1714879.9
4121.0,69.0,14.0,8.0,2021-10-13 00:00:00,134956.94,1079655.55
4123.0,12.0,8.0,6.0,2021-05-05 00:00:00,162575.0,975450.01
4126.0,89.0,11.0,2.0,2024-04-21 00:00:00,160977.04,321954.08
4128.0,15.0,20.0,16.0,2024-07-10 00:00:00,234315.26,3749044.2
4129.0,52.0,3.0,17.0,2020-11-16 00:00:00,110821.3,1883962.07
4130.0,44.0,9.0,4.0,2024-09-16 00:00:00,118890.2,475560.8
4133.0,26.0,20.0,19.0,2021-10-24 00:00:00,208944.33,3969942.21
4135.0,13.0,3.0,15.0,2023-07-21 00:00:00,108163.36,1622450.33
4136.0,76.0,18.0,21.0,2021-02-09 00:00:00,140128.61,2942700.83
4137.0,25.0,2.0,10.58,2024-12-01 00:00:00,184314.57,1949588.78
4138.0,26.0,4.0,8.0,2023-02-20 00:00:00,129883.0,1039063.98
4140.0,18.0,7.0,5.0,2022-12-16 00:00:00,143021.4,715107.02
4142.0,44.0,15.0,9.97,2024-01-24 00:00:00,97989.19,977354.97
4145.0,87.0,10.0,14.0,2021-06-06 00:00:00,83990.35,1175864.86
4146.0,61.0,2.0,18.0,2022-02-28 00:00:00,168000.0,3024000.0
4148.0,18.0,4.0,15.0,2021-09-11 00:00:00,114134.01,1712010.15
4153.0,81.0,5.0,0.0,2022-03-11 00:00:00,90470.27,0.0
4154.0,26.0,7.0,4.0,2023-12-08 00:00:00,136318.69,545274.76
4159.0,19.0,5.0,14.0,2022-09-02 00:00:00,88623.33,1240726.68
4162.0,8.0,10.0,18.0,2023-06-23 00:00:00,93422.53,1681605.49
4163.0,90.0,8.0,10.0,2024-02-04 00:00:00,151200.0,1512000.0
4165.0,75.0,12.0,11.0,2023-10-21 00:00:00,78430.46,862735.01
4166.0,56.0,8.0,4.0,2022-05-05 00:00:00,147760.66,591042.65
4169.0,83.0,5.0,12.0,2023-02-09 00:00:00,89225.54,1070706.47
4171.0,100.0,16.0,6.0,2023-08-21 00:00:00,114665.86,687995.17
4173.0,50.0,11.0,11.06,2021-09-27 00:00:00,157238.56,1739167.55
4175.0,46.0,20.0,2.0,2021-03-13 00:00:00,219035.64,438071.28
4182.0,41.0,18.0,11.0,2023-02-09 00:00:00,144359.16,1587950.74
4185.0,32.0,9.0,8.0,2024-08-25 00:00:00,111426.21,891409.67
4187.0,94.0,4.0,0.0,2024-01-16 00:00:00,115259.87,0.0
4192.0,62.0,2.0,19.0,2024-06-09 00:00:00,168000.0,3192000.0
4193.0,56.0,20.0,15.0,2023-04-06 00:00:00,240113.5,3601702.53
4195.0,17.0,7.0,16.0,2021-07-23 00:00:00,153002.79,2448044.56
4196.0,66.0,8.0,16.0,2021-10-12 00:00:00,147865.3,2365844.88
4199.0,63.0,16.0,5.0,2024-04-07 00:00:00,113766.0,568829.98
4202.0,4.0,6.0,8.0,2022-08-26 00:00:00,165503.13,1324025.07
4203.0,86.0,7.0,9.0,2023-06-02 00:00:00,141117.44,1270056.97
4207.0,76.0,13.0,19.0,2024-05-27 00:00:00,213475.08,4056026.48
4210.0,20.0,11.0,12.0,2021-11-02 00:00:00,166203.18,1994438.2
4213.0,51.0,7.0,14.0,2023-08-01 00:00:00,161670.34,2263384.74
4214.0,12.0,13.0,6.0,2020-12-20 00:00:00,184788.08,1108728.46
4216.0,23.0,2.0,5.0,2024-03-04 00:00:00,154809.77,774048.87
4227.0,90.0,16.0,1.0,2020-11-04 00:00:00,104600.33,104600.33
4229.0,51.0,16.0,6.0,2023-12-04 00:00:00,106334.09,638004.56
4233.0,73.0,14.0,15.0,2022-03-27 00:00:00,136702.43,2050536.49
4235.0,12.0,19.0,11.0,2023-12-11 00:00:00,104522.65,1149749.12
4236.0,46.0,1.0,19.0,2022-04-10 00:00:00,130338.74,2476436.15
4239.0,91.0,15.0,9.97,2023-12-14 00:00:00,94970.35,947244.69
4244.0,35.0,16.0,4.0,2021-02-23 00:00:00,95760.11,383040.43
4245.0,16.0,4.0,17.0,2023-10-05 00:00:00,119824.68,2037019.55
4248.0,15.0,3.0,16.0,2023-02-27 00:00:00,100763.35,1612213.68
4249.0,20.0,14.0,15.0,2023-03-07 00:00:00,129611.72,1944175.72
4250.0,38.0,15.0,8.0,2023-02-06 00:00:00,102118.09,816944.75
4253.0,92.0,12.0,12.0,2020-12-02 00:00:00,91405.63,1096867.58
4258.0,1.0,6.0,13.0,2022-09-19 00:00:00,166112.88,2159467.4
4259.0,67.0,6.0,19.0,2022-02-27 00:00:00,179200.0,3404800.0
4261.0,74.0,3.0,5.0,2022-09-16 00:00:00,100800.0,504000.0
4262.0,65.0,9.0,14.0,2024-03-09 00:00:00,112064.44,1568902.14
4263.0,99.0,14.0,11.0,2024-01-09 00:00:00,136490.79,1501398.69
4264.0,17.0,16.0,17.0,2021-06-03 00:00:00,99876.42,1697899.09
4266.0,50.0,5.0,10.33,2022-06-08 00:00:00,76105.77,786105.19
4267.0,20.0,19.0,10.0,2023-09-02 00:00:00,90189.06,901890.6
4270.0,95.0,8.0,16.0,2022-01-26 00:00:00,159935.7,2558971.23
4271.0,6.0,10.0,10.42,2022-03-20 00:00:00,88965.09,927299.88
4272.0,86.0,14.0,6.0,2022-12-08 00:00:00,118771.39,712628.34
4275.0,81.0,5.0,17.0,2023-11-30 00:00:00,91961.98,1563353.72
4282.0,41.0,5.0,14.0,2023-04-22 00:00:00,79470.32,1112584.51
4283.0,66.0,10.0,10.42,2023-07-12 00:00:00,95011.51,990322.88
4287.0,69.0,5.0,18.0,2023-12-10 00:00:00,84580.0,1522439.98
4291.0,95.0,9.0,14.0,2021-10-28 00:00:00,113659.25,1591229.56
4295.0,10.0,20.0,15.0,2022-07-17 00:00:00,244606.42,3669096.26
4297.0,20.0,11.0,12.0,2024-10-12 00:00:00,164837.03,1978044.38
4298.0,86.0,1.0,3.0,2022-01-11 00:00:00,138526.67,415580.01
4300.0,36.0,8.0,17.0,2023-03-28 00:00:00,138542.55,2355223.33
4301.0,57.0,2.0,17.0,2022-09-30 00:00:00,156728.49,2664384.31
4308.0,60.0,9.0,18.0,2022-02-21 00:00:00,111870.6,2013670.86
4309.0,85.0,13.0,12.0,2023-11-12 00:00:00,199275.99,2391311.93
4316.0,34.0,10.0,8.0,2023-08-20 00:00:00,86458.23,691665.83
4319.0,89.0,17.0,18.0,2023-11-24 00:00:00,174023.27,3132418.91
4322.0,38.0,9.0,17.0,2024-04-11 00:00:00,119889.26,2038117.39
4323.0,84.0,14.0,8.0,2024-06-03 00:00:00,116976.75,935814.02
4324.0,43.0,18.0,8.0,2021-10-28 00:00:00,127697.86,1021582.89
4326.0,10.0,13.0,12.0,2024-09-17 00:00:00,196000.0,2352000.0
4327.0,49.0,19.0,10.3,2022-07-31 00:00:00,98498.7,1014128.58
4329.0,28.0,10.0,5.0,2021-03-17 00:00:00,91571.05,457855.26
4330.0,48.0,20.0,10.85,2021-01-02 00:00:00,208747.12,2264589.98
4331.0,77.0,8.0,4.0,2024-09-24 00:00:00,146792.12,587168.46
4333.0,82.0,10.0,6.0,2023-09-09 00:00:00,89600.0,537600.0
4334.0,15.0,16.0,10.0,2023-09-06 00:00:00,102364.99,1023649.94
4342.0,90.0,4.0,3.0,2023-01-26 00:00:00,125560.08,376680.25
4343.0,31.0,5.0,17.0,2023-02-06 00:00:00,89205.34,1516490.79
4344.0,77.0,17.0,12.0,2023-06-11 00:00:00,159150.93,1909811.18
4345.0,9.0,12.0,20.0,2020-12-25 00:00:00,85127.29,1702545.77
4348.0,49.0,2.0,9.0,2022-11-01 00:00:00,160882.36,1447941.21
4349.0,7.0,14.0,18.0,2021-10-08 00:00:00,129307.91,2327542.35
4353.0,81.0,6.0,5.0,2024-03-02 00:00:00,180940.64,904703.18
4356.0,77.0,12.0,7.0,2022-07-29 00:00:00,89872.13,629104.9
4357.0,85.0,11.0,11.06,2021-08-09 00:00:00,156800.0,1734316.76
4358.0,81.0,6.0,9.0,2021-08-03 00:00:00,187330.76,1685976.86
4361.0,75.0,20.0,13.0,2021-02-11 00:00:00,231639.11,3011308.39
4363.0,86.0,6.0,15.0,2021-03-18 00:00:00,172909.18,2593637.65
4365.0,21.0,13.0,6.0,2020-12-11 00:00:00,190906.81,1145440.88
4367.0,9.0,12.0,19.0,2024-01-31 00:00:00,89699.04,1704281.83
4368.0,78.0,13.0,5.0,2023-05-05 00:00:00,181597.07,907985.37
4369.0,24.0,1.0,10.0,2023-05-31 00:00:00,148028.11,1480281.08
4370.0,28.0,16.0,16.0,2023-08-27 00:00:00,97227.43,1555638.86
4373.0,79.0,1.0,10.0,2023-05-09 00:00:00,147010.24,1470102.36
4374.0,73.0,13.0,12.0,2022-07-11 00:00:00,196000.0,2352000.0
4377.0,90.0,17.0,20.0,2021-11-08 00:00:00,165574.39,3311487.8
4380.0,51.0,13.0,12.0,2021-09-04 00:00:00,196000.0,2352000.0
4387.0,17.0,16.0,5.0,2024-03-21 00:00:00,105986.24,529931.19
4388.0,30.0,13.0,7.0,2021-01-02 00:00:00,210617.85,1474324.93
4391.0,100.0,6.0,13.0,2021-12-02 00:00:00,176391.57,2293090.43
4394.0,94.0,16.0,0.0,2021-08-10 00:00:00,103202.95,0.0
4400.0,2.0,8.0,8.0,2023-05-08 00:00:00,155225.87,1241806.99
4402.0,17.0,15.0,19.0,2022-09-26 00:00:00,94515.57,1795795.88
4403.0,7.0,15.0,9.97,2022-01-15 00:00:00,100731.14,1004703.49
4404.0,52.0,7.0,10.41,2023-07-06 00:00:00,149229.52,1553602.85
4405.0,9.0,20.0,21.0,2021-02-16 00:00:00,215802.15,4531845.24
4409.0,60.0,13.0,18.0,2021-09-24 00:00:00,214470.08,3860461.42
4415.0,31.0,2.0,9.0,2021-08-20 00:00:00,165389.53,1488505.79
4416.0,84.0,16.0,9.0,2024-09-17 00:00:00,110770.2,996931.8
4420.0,52.0,1.0,8.0,2022-05-15 00:00:00,152816.3,1222530.38
4421.0,73.0,10.0,5.0,2023-05-03 00:00:00,82732.44,413662.22
4423.0,56.0,5.0,12.0,2022-04-20 00:00:00,77441.38,929296.55
4427.0,71.0,8.0,10.56,2022-10-22 00:00:00,143643.77,1517040.35
4428.0,13.0,17.0,10.97,2022-06-25 00:00:00,177933.85,1951880.44
4430.0,100.0,4.0,5.0,2024-05-27 00:00:00,130418.82,652094.08
4433.0,86.0,12.0,19.0,2022-02-24 00:00:00,86584.3,1645101.69
4435.0,46.0,5.0,5.0,2022-05-01 00:00:00,80052.75,400263.75
4437.0,89.0,10.0,18.0,2024-02-25 00:00:00,90764.29,1633757.13
4440.0,61.0,2.0,3.0,2021-07-17 00:00:00,170443.41,511330.23
4441.0,76.0,2.0,17.0,2022-11-15 00:00:00,179247.27,3047203.58
4442.0,21.0,15.0,7.0,2024-09-04 00:00:00,109140.1,763980.71
4449.0,26.0,3.0,6.0,2023-12-03 00:00:00,108375.19,650251.11
4454.0,67.0,17.0,3.0,2020-11-18 00:00:00,183079.27,549237.81
4455.0,91.0,16.0,20.0,2021-03-20 00:00:00,111310.99,2226219.81
4462.0,37.0,16.0,10.47,2024-08-07 00:00:00,102388.38,1072383.54
4463.0,24.0,13.0,4.0,2021-10-09 00:00:00,183990.84,735963.37
4466.0,93.0,11.0,19.0,2021-10-23 00:00:00,141569.51,2689820.64
4473.0,22.0,5.0,2.0,2022-03-17 00:00:00,86614.92,173229.84
4474.0,57.0,5.0,7.0,2024-07-08 00:00:00,81872.95,573110.67
4477.0,10.0,15.0,13.0,2024-06-18 00:00:00,94798.08,1232375.07
4478.0,57.0,16.0,20.0,2020-11-21 00:00:00,99855.98,1997119.52
4484.0,86.0,10.0,5.0,2023-02-05 00:00:00,89600.0,448000.0
4485.0,68.0,14.0,6.0,2022-02-24 00:00:00,127673.56,766041.36
4487.0,65.0,8.0,1.0,2021-11-04 00:00:00,155630.64,155630.64
4488.0,99.0,12.0,15.0,2024-06-12 00:00:00,84857.56,1272863.34
4491.0,91.0,8.0,6.0,2021-12-05 00:00:00,157184.71,943108.27
4494.0,94.0,6.0,16.0,2022-07-25 00:00:00,189974.83,3039597.35
4495.0,41.0,6.0,3.0,2021-09-07 00:00:00,185726.68,557180.05
4496.0,66.0,4.0,7.0,2023-03-02 00:00:00,114253.59,799775.11
4497.0,35.0,9.0,6.0,2024-09-19 00:00:00,115472.0,692832.03
4498.0,18.0,12.0,18.0,2023-05-18 00:00:00,83822.46,1508804.32
4501.0,36.0,5.0,17.0,2024-05-07 00:00:00,85021.99,1445373.81
4502.0,82.0,18.0,7.0,2023-03-29 00:00:00,124034.9,868244.28
4507.0,31.0,7.0,4.0,2024-03-01 00:00:00,140857.36,563429.42
4508.0,86.0,6.0,12.0,2023-08-17 00:00:00,164882.25,1978586.94
4512.0,6.0,9.0,17.0,2022-01-20 00:00:00,108547.18,1845302.07
4513.0,80.0,9.0,20.0,2023-10-04 00:00:00,113112.22,2262244.47
4514.0,46.0,13.0,15.0,2023-12-01 00:00:00,196000.0,2940000.0
4515.0,96.0,4.0,7.0,2022-09-02 00:00:00,120884.36,846190.52
4516.0,66.0,20.0,7.0,2021-02-09 00:00:00,217579.09,1523053.6
4518.0,98.0,18.0,7.0,2023-03-21 00:00:00,122386.84,856707.85
4522.0,39.0,3.0,13.0,2024-08-02 00:00:00,100800.0,1310400.0
4526.0,83.0,20.0,13.0,2022-12-18 00:00:00,208896.44,2715653.72
4528.0,17.0,6.0,21.0,2024-04-17 00:00:00,192947.6,4051899.55
4530.0,70.0,11.0,5.0,2021-03-12 00:00:00,147802.87,739014.34
4532.0,8.0,16.0,17.0,2024-10-07 00:00:00,114769.76,1951085.95
4533.0,89.0,17.0,8.0,2023-11-23 00:00:00,160038.8,1280310.37
4534.0,31.0,18.0,3.0,2023-08-30 00:00:00,121918.07,365754.21
4535.0,6.0,2.0,14.0,2023-12-16 00:00:00,168000.0,2352000.0
4537.0,41.0,17.0,11.0,2023-10-18 00:00:00,151966.58,1671632.42
4538.0,70.0,5.0,7.0,2022-08-10 00:00:00,77838.66,544870.63
4539.0,94.0,20.0,19.0,2021-10-24 00:00:00,211332.69,4015321.15
4542.0,20.0,9.0,17.0,2024-06-07 00:00:00,121590.31,2067035.24
4543.0,44.0,8.0,3.0,2024-03-07 00:00:00,165898.31,497694.94
4544.0,3.0,11.0,13.0,2023-02-24 00:00:00,170076.42,2210993.43
4545.0,86.0,7.0,6.0,2022-01-31 00:00:00,159097.64,954585.87
4546.0,43.0,19.0,14.0,2020-12-14 00:00:00,101097.15,1415360.12
4554.0,14.0,18.0,13.0,2021-08-16 00:00:00,124141.43,1613838.64
4555.0,48.0,18.0,18.0,2023-12-10 00:00:00,131937.14,2374868.61
4556.0,18.0,3.0,9.0,2022-09-13 00:00:00,107408.72,966678.46
4560.0,96.0,9.0,19.0,2020-12-18 00:00:00,118945.94,2259972.79
4562.0,87.0,1.0,7.0,2023-03-01 00:00:00,129136.52,903955.61
4563.0,1.0,17.0,19.0,2024-06-17 00:00:00,174437.44,3314311.38
4564.0,93.0,9.0,6.0,2024-07-18 00:00:00,119408.75,716452.48
4568.0,11.0,10.0,12.0,2023-09-25 00:00:00,81503.5,978042.04
4570.0,50.0,1.0,2.0,2021-11-30 00:00:00,149921.06,299842.12
4571.0,40.0,20.0,12.0,2023-02-04 00:00:00,224000.0,2688000.0
4572.0,78.0,8.0,12.0,2022-05-13 00:00:00,151200.0,1814400.0
4580.0,83.0,18.0,9.0,2023-12-08 00:00:00,144179.94,1297619.47
4582.0,28.0,13.0,12.0,2023-02-15 00:00:00,181154.94,2173859.22
4584.0,21.0,14.0,8.0,2023-06-10 00:00:00,119930.12,959440.96
4585.0,55.0,18.0,5.0,2021-06-30 00:00:00,139679.75,698398.73
4587.0,72.0,2.0,7.0,2024-08-07 00:00:00,169611.68,1187281.78
4588.0,11.0,17.0,15.0,2023-11-17 00:00:00,164117.61,2461764.13
4594.0,18.0,20.0,6.0,2022-05-08 00:00:00,242517.59,1455105.51
4595.0,24.0,12.0,20.0,2022-02-27 00:00:00,83510.7,1670214.03
4597.0,24.0,14.0,11.0,2024-04-19 00:00:00,123578.82,1359367.05
4598.0,96.0,15.0,4.0,2022-02-03 00:00:00,103557.9,414231.6
4599.0,17.0,11.0,2.0,2021-11-16 00:00:00,156807.71,313615.43
4600.0,94.0,9.0,9.0,2024-04-17 00:00:00,114526.39,1030737.48
4601.0,80.0,11.0,8.0,2024-05-02 00:00:00,144737.81,1157902.48
4602.0,74.0,3.0,19.0,2021-06-25 00:00:00,108070.48,2053339.05
4608.0,48.0,10.0,17.0,2024-10-20 00:00:00,97314.56,1654347.55
4611.0,58.0,20.0,1.0,2022-12-18 00:00:00,224000.0,224000.0
4612.0,83.0,17.0,4.0,2024-07-06 00:00:00,171265.06,685060.26
4613.0,22.0,7.0,20.0,2023-09-25 00:00:00,136344.54,2726890.88
4614.0,8.0,19.0,10.3,2021-10-05 00:00:00,95646.36,984761.37
4621.0,96.0,4.0,18.0,2021-06-04 00:00:00,127433.52,2293803.29
4622.0,29.0,4.0,13.0,2021-10-27 00:00:00,123200.0,1601600.0
4626.0,59.0,8.0,8.0,2021-06-24 00:00:00,148062.34,1184498.7
4627.0,49.0,20.0,3.0,2022-03-08 00:00:00,209502.76,628508.28
4629.0,1.0,1.0,6.0,2023-12-09 00:00:00,137280.66,823683.94
4632.0,19.0,7.0,21.0,2021-11-12 00:00:00,140799.37,2956786.82
4633.0,11.0,3.0,21.0,2024-08-18 00:00:00,106839.3,2243625.34
4634.0,20.0,8.0,1.0,2022-07-03 00:00:00,156322.39,156322.39
4635.0,24.0,2.0,6.0,2022-05-04 00:00:00,173677.15,1042062.89
4637.0,32.0,17.0,9.0,2022-08-17 00:00:00,175864.4,1582779.62
4639.0,61.0,8.0,2.0,2022-01-09 00:00:00,140678.03,281356.06
4640.0,16.0,7.0,5.0,2021-03-15 00:00:00,163855.66,819278.29
4641.0,42.0,3.0,1.0,2021-06-14 00:00:00,94209.43,94209.43
4642.0,56.0,10.0,3.0,2020-12-16 00:00:00,96263.96,288791.89
4644.0,9.0,18.0,10.0,2021-07-31 00:00:00,142380.13,1423801.32
4648.0,93.0,2.0,19.0,2022-03-12 00:00:00,152134.89,2890562.86
4651.0,97.0,15.0,4.0,2024-05-28 00:00:00,104243.67,416974.69
4652.0,1.0,5.0,9.0,2023-06-21 00:00:00,84000.0,756000.0
4653.0,4.0,16.0,3.0,2024-01-02 00:00:00,109271.53,327814.59
4656.0,27.0,2.0,20.0,2022-01-22 00:00:00,184474.87,3689497.49
4657.0,11.0,9.0,16.0,2021-05-06 00:00:00,103956.98,1663311.71
4658.0,84.0,2.0,17.0,2024-01-20 00:00:00,166165.35,2824811.03
4659.0,96.0,11.0,7.0,2021-10-11 00:00:00,163603.05,1145221.33
4660.0,49.0,8.0,8.0,2023-08-02 00:00:00,162224.93,1297799.4
4662.0,30.0,15.0,7.0,2022-12-06 00:00:00,104692.48,732847.35
4663.0,19.0,4.0,8.0,2021-01-11 00:00:00,121589.09,972712.69
4665.0,44.0,6.0,10.63,2022-05-03 00:00:00,195330.12,2075585.39
4666.0,97.0,7.0,5.0,2022-06-02 00:00:00,155184.26,775921.3
4668.0,19.0,20.0,4.0,2020-11-16 00:00:00,246276.23,985104.91
4671.0,82.0,1.0,20.0,2024-03-21 00:00:00,140000.0,2800000.0
4672.0,62.0,17.0,10.97,2022-05-12 00:00:00,182332.54,2000132.75
4673.0,88.0,5.0,4.0,2021-03-21 00:00:00,86148.15,344592.62
4676.0,15.0,4.0,17.0,2022-02-19 00:00:00,123200.0,2094400.0
4678.0,52.0,5.0,4.0,2022-09-17 00:00:00,84000.0,336000.0
4679.0,100.0,15.0,8.0,2021-04-09 00:00:00,101262.57,810100.57
4680.0,98.0,16.0,3.0,2020-11-12 00:00:00,110855.8,332567.41
4682.0,41.0,2.0,14.0,2023-12-18 00:00:00,173506.47,2429090.63
4683.0,45.0,4.0,4.0,2024-08-10 00:00:00,126973.79,507895.16
4688.0,89.0,2.0,21.0,2024-05-12 00:00:00,184547.72,3875502.03
4689.0,34.0,20.0,10.85,2022-01-25 00:00:00,243557.92,2642234.4
4691.0,4.0,7.0,14.0,2024-02-25 00:00:00,165838.88,2321744.37
4692.0,60.0,16.0,13.0,2021-02-25 00:00:00,99606.69,1294886.92
4693.0,69.0,16.0,4.0,2022-10-18 00:00:00,105029.23,420116.91
4695.0,6.0,14.0,7.0,2022-07-01 00:00:00,116235.45,813648.17
4697.0,31.0,14.0,13.0,2023-07-21 00:00:00,127299.43,1654892.55
4698.0,82.0,1.0,18.0,2021-03-31 00:00:00,140000.0,2520000.0
4699.0,38.0,6.0,19.0,2021-01-03 00:00:00,161518.95,3068860.07
4705.0,6.0,19.0,4.0,2023-02-27 00:00:00,93923.26,375693.05
4706.0,13.0,15.0,9.97,2022-04-12 00:00:00,91253.0,910167.44
4707.0,50.0,16.0,6.0,2024-01-16 00:00:00,116521.27,699127.64
4709.0,20.0,9.0,10.46,2024-01-01 00:00:00,116828.36,1221741.45
4711.0,27.0,11.0,17.0,2022-04-14 00:00:00,149137.81,2535342.8
4715.0,75.0,18.0,6.0,2023-06-03 00:00:00,133583.54,801501.26
4719.0,70.0,19.0,8.0,2024-06-06 00:00:00,103055.28,824442.2
4720.0,11.0,3.0,19.0,2022-03-29 00:00:00,105495.26,2004409.97
4721.0,48.0,19.0,7.0,2024-02-10 00:00:00,85982.18,601875.26
4724.0,44.0,6.0,17.0,2023-03-10 00:00:00,165038.34,2805651.81
4726.0,62.0,20.0,17.0,2021-01-24 00:00:00,204504.46,3476575.79
4727.0,18.0,14.0,3.0,2022-08-10 00:00:00,120193.34,360580.02
4730.0,23.0,6.0,16.0,2021-05-18 00:00:00,187750.29,3004004.59
4733.0,31.0,19.0,6.0,2021-02-10 00:00:00,99358.2,596149.18
4738.0,68.0,16.0,3.0,2021-04-25 00:00:00,97892.55,293677.64
4739.0,87.0,9.0,10.0,2022-04-03 00:00:00,110831.87,1108318.7
4740.0,46.0,12.0,12.0,2023-01-11 00:00:00,85103.54,1021242.45
4741.0,52.0,12.0,10.4,2022-10-13 00:00:00,78580.4,817533.58
4742.0,52.0,2.0,4.0,2023-05-16 00:00:00,168000.0,672000.0
4743.0,25.0,3.0,5.0,2022-05-23 00:00:00,110477.46,552387.29
4744.0,65.0,13.0,20.0,2021-01-14 00:00:00,207076.93,4141538.55
4747.0,28.0,2.0,11.0,2022-07-28 00:00:00,153748.7,1691235.68
4748.0,6.0,13.0,0.0,2024-02-06 00:00:00,206704.04,0.0
4749.0,55.0,5.0,3.0,2022-12-27 00:00:00,88805.81,266417.43
4751.0,33.0,13.0,6.0,2021-12-13 00:00:00,196000.0,1176000.0
4752.0,49.0,3.0,19.0,2023-02-13 00:00:00,96725.27,1837780.04
4753.0,16.0,14.0,18.0,2023-09-18 00:00:00,133654.41,2405779.35
4754.0,65.0,2.0,7.0,2021-01-25 00:00:00,182801.61,1279611.27
4759.0,90.0,1.0,19.0,2021-07-04 00:00:00,143421.16,2725002.1
4760.0,78.0,7.0,14.0,2021-04-12 00:00:00,147663.43,2067287.99
4762.0,93.0,19.0,18.0,2021-08-19 00:00:00,95085.98,1711547.63
4764.0,79.0,18.0,6.0,2024-07-03 00:00:00,130831.55,784989.28
4768.0,94.0,2.0,12.0,2022-03-11 00:00:00,155510.11,1866121.35
4771.0,49.0,6.0,17.0,2023-04-22 00:00:00,191053.56,3247910.44
4772.0,77.0,2.0,5.0,2023-01-24 00:00:00,153287.21,766436.05
4777.0,5.0,16.0,0.0,2024-07-06 00:00:00,97927.0,0.0
4778.0,42.0,10.0,15.0,2022-02-01 00:00:00,98542.04,1478130.61
4780.0,49.0,9.0,10.0,2023-07-18 00:00:00,112000.0,1120000.0
4781.0,39.0,2.0,21.0,2023-03-31 00:00:00,164530.08,3455131.65
4792.0,19.0,17.0,18.0,2022-01-10 00:00:00,173424.32,3121637.69
4795.0,53.0,8.0,20.0,2021-05-23 00:00:00,151200.0,3024000.0
4798.0,21.0,9.0,7.0,2022-07-30 00:00:00,109286.66,765006.63
4801.0,24.0,15.0,17.0,2023-01-15 00:00:00,100800.0,1713600.0
4808.0,2.0,19.0,15.0,2022-04-13 00:00:00,88198.08,1322971.23
4810.0,28.0,13.0,10.73,2024-02-03 00:00:00,184843.27,1983272.8
4811.0,68.0,9.0,17.0,2024-06-13 00:00:00,117909.06,2004453.96
4814.0,86.0,10.0,17.0,2021-02-09 00:00:00,90395.62,1536725.55
4816.0,40.0,14.0,5.0,2023-04-26 00:00:00,128819.62,644098.08
4821.0,5.0,9.0,7.0,2023-07-12 00:00:00,118828.9,831802.29
4822.0,3.0,9.0,10.46,2023-12-03 00:00:00,102642.07,1073387.24
4823.0,67.0,3.0,7.0,2021-07-28 00:00:00,103685.86,725801.02
4826.0,97.0,13.0,19.0,2022-04-10 00:00:00,207385.16,3940318.04
4831.0,88.0,15.0,5.0,2021-04-04 00:00:00,90946.63,454733.14
4832.0,9.0,12.0,16.0,2023-08-09 00:00:00,86293.11,1380689.75
4835.0,8.0,3.0,19.0,2024-05-17 00:00:00,100800.0,1915200.0
4839.0,56.0,16.0,5.0,2024-06-01 00:00:00,99480.23,497401.17
4841.0,21.0,5.0,12.0,2023-10-23 00:00:00,80442.01,965304.16
4842.0,27.0,3.0,10.05,2023-03-29 00:00:00,94525.61,949887.04
4849.0,82.0,18.0,18.0,2023-04-29 00:00:00,123308.21,2219547.78
4852.0,47.0,5.0,15.0,2021-04-30 00:00:00,84289.04,1264335.64
4855.0,60.0,8.0,18.0,2022-04-10 00:00:00,143031.04,2574558.7
4856.0,17.0,4.0,8.0,2024-09-16 00:00:00,117684.75,941478.02
4857.0,14.0,5.0,19.0,2023-05-14 00:00:00,91328.82,1735247.55
4859.0,53.0,9.0,19.0,2022-02-14 00:00:00,101508.05,1928653.03
4861.0,11.0,11.0,0.0,2023-12-08 00:00:00,147143.76,0.0
4862.0,73.0,8.0,1.0,2024-06-30 00:00:00,157347.39,157347.39
4863.0,84.0,3.0,16.0,2022-11-29 00:00:00,91500.8,1464012.83
4864.0,96.0,5.0,7.0,2024-03-05 00:00:00,84000.0,588000.0
4865.0,82.0,19.0,6.0,2021-11-12 00:00:00,99837.85,599027.1
4867.0,22.0,3.0,19.0,2024-04-15 00:00:00,91581.53,1740049.03
4870.0,94.0,3.0,17.0,2023-03-14 00:00:00,92769.83,1577087.17
4876.0,50.0,17.0,18.0,2023-11-08 00:00:00,171866.61,3093598.97
4877.0,79.0,1.0,4.0,2024-09-28 00:00:00,140000.0,560000.0
4879.0,75.0,17.0,13.0,2024-05-06 00:00:00,182686.8,2374928.45
4884.0,21.0,20.0,5.0,2024-05-05 00:00:00,228463.65,1142318.23
4885.0,17.0,16.0,16.0,2022-01-05 00:00:00,113744.16,1819906.6
4889.0,50.0,7.0,11.0,2022-03-26 00:00:00,160234.72,1762581.87
4891.0,76.0,3.0,2.0,2021-09-26 00:00:00,96099.35,192198.7
4893.0,2.0,7.0,3.0,2022-03-22 00:00:00,145631.47,436894.42
4894.0,75.0,6.0,16.0,2021-12-02 00:00:00,183285.33,2932565.27
4897.0,12.0,19.0,11.0,2024-06-16 00:00:00,97189.5,1069084.47
4900.0,88.0,13.0,7.0,2021-06-18 00:00:00,204172.99,1429210.93
4902.0,1.0,8.0,11.0,2023-08-23 00:00:00,162079.31,1782872.44
4908.0,93.0,8.0,8.0,2024-11-07 00:00:00,151200.0,1209600.0
4911.0,15.0,14.0,17.0,2021-10-05 00:00:00,135043.12,2295732.96
4919.0,98.0,4.0,11.0,2024-09-16 00:00:00,115450.16,1269951.76
4922.0,85.0,6.0,20.0,2022-05-31 00:00:00,172109.72,3442194.42
4924.0,7.0,10.0,7.0,2022-11-04 00:00:00,83318.16,583227.11
4925.0,75.0,8.0,10.56,2023-12-20 00:00:00,144412.69,1525161.0
4929.0,76.0,11.0,16.0,2021-04-20 00:00:00,154165.33,2466645.21
4930.0,81.0,6.0,10.63,2022-05-30 00:00:00,179667.75,1909156.49
4933.0,36.0,20.0,20.0,2022-12-06 00:00:00,220369.06,4407381.14
4934.0,37.0,6.0,10.63,2024-07-15 00:00:00,175052.61,1860115.85
4935.0,91.0,12.0,15.0,2021-11-19 00:00:00,82178.45,1232676.77
4938.0,83.0,3.0,1.0,2024-10-09 00:00:00,106632.53,106632.53
4941.0,8.0,15.0,1.0,2020-12-09 00:00:00,101849.23,101849.23
4942.0,100.0,5.0,10.33,2024-09-01 00:00:00,86515.75,893630.99
4944.0,13.0,18.0,11.0,2024-08-25 00:00:00,126464.78,1391112.57
4947.0,34.0,20.0,14.0,2024-06-03 00:00:00,224000.0,3136000.0
4949.0,63.0,5.0,11.0,2023-03-08 00:00:00,91100.39,1002104.3
4953.0,28.0,14.0,10.57,2023-10-19 00:00:00,123868.7,1309819.56
4956.0,15.0,12.0,17.0,2023-03-13 00:00:00,83868.47,1425764.06
4957.0,3.0,18.0,5.0,2023-04-08 00:00:00,146466.11,732330.54
4958.0,68.0,18.0,12.0,2022-04-13 00:00:00,124094.57,1489134.85
4959.0,66.0,16.0,2.0,2020-11-09 00:00:00,113442.94,226885.89
4961.0,32.0,8.0,15.0,2023-10-07 00:00:00,136358.38,2045375.64
4964.0,35.0,5.0,10.33,2023-12-12 00:00:00,84978.92,877756.93
4965.0,7.0,13.0,15.0,2024-03-21 00:00:00,206693.83,3100407.46
4966.0,88.0,6.0,11.0,2021-05-05 00:00:00,178627.23,1964899.56
4970.0,93.0,8.0,14.0,2022-05-10 00:00:00,146766.74,2054734.35
4971.0,61.0,3.0,11.0,2021-07-17 00:00:00,100800.0,1108800.0
4974.0,41.0,18.0,18.0,2023-02-28 00:00:00,132515.23,2385274.18
4978.0,73.0,8.0,10.56,2023-07-09 00:00:00,136287.37,1439348.45
4980.0,39.0,10.0,5.0,2021-12-09 00:00:00,88711.26,443556.32
4983.0,100.0,12.0,15.0,2023-12-27 00:00:00,80843.15,1212647.2
4984.0,32.0,6.0,15.0,2023-11-10 00:00:00,192346.67,2885200.06
4987.0,6.0,17.0,12.0,2022-11-07 00:00:00,158429.46,1901153.53
4989.0,49.0,13.0,13.0,2024-10-24 00:00:00,177112.28,2302459.68
4990.0,39.0,14.0,4.0,2024-02-09 00:00:00,135485.32,541941.27
4991.0,66.0,4.0,15.0,2023-07-06 00:00:00,114344.92,1715173.86
4993.0,26.0,20.0,10.85,2023-11-21 00:00:00,226322.12,2455252.09
4996.0,30.0,7.0,11.0,2021-03-14 00:00:00,154430.97,1698740.68
4997.0,90.0,14.0,15.0,2021-03-09 00:00:00,129329.97,1939949.6
4998.0,48.0,9.0,17.0,2021-05-17 00:00:00,102607.55,1744328.32
5000.0,15.0,5.0,10.33,2022-01-12 00:00:00,84000.0,867645.57
5001.0,41.0,18.0,14.0,2020-11-18 00:00:00,131499.32,1840990.54
5003.0,91.0,13.0,6.0,2024-06-09 00:00:00,196000.0,1176000.0
5006.0,86.0,14.0,16.0,2024-03-05 00:00:00,123200.5,1971208.0
5007.0,64.0,8.0,6.0,2022-03-29 00:00:00,159892.89,959357.34
5009.0,100.0,4.0,10.76,2020-11-03 00:00:00,116794.26,1256212.82
5012.0,89.0,13.0,18.0,2020-11-04 00:00:00,211563.36,3808140.52
5017.0,65.0,2.0,10.58,2022-03-03 00:00:00,161666.28,1710026.28
5018.0,89.0,13.0,5.0,2021-09-02 00:00:00,196000.0,980000.0
5019.0,37.0,9.0,17.0,2023-08-11 00:00:00,122288.32,2078901.52
5022.0,45.0,16.0,10.47,2021-04-29 00:00:00,114798.55,1202363.71
5025.0,47.0,10.0,6.0,2024-01-03 00:00:00,86345.96,518075.76
5026.0,55.0,5.0,12.0,2024-08-26 00:00:00,82455.18,989462.12
5027.0,5.0,4.0,14.0,2020-04-11 00:00:00,124564.03,1743896.48
5030.0,9.0,6.0,15.0,2024-02-28 00:00:00,176008.64,2640129.53
5033.0,12.0,16.0,4.0,2023-04-05 00:00:00,96122.36,384489.45
5034.0,25.0,15.0,10.0,2022-01-23 00:00:00,103418.95,1034189.5
5037.0,71.0,1.0,18.0,2021-08-06 00:00:00,140000.0,2520000.0
5039.0,42.0,5.0,11.0,2023-01-08 00:00:00,77499.2,852491.24
5040.0,35.0,7.0,10.41,2023-06-11 00:00:00,136870.57,1424935.92
5041.0,53.0,14.0,18.0,2024-09-14 00:00:00,125557.05,2260026.97
5042.0,38.0,3.0,3.0,2021-05-02 00:00:00,106183.38,318550.15
5043.0,43.0,11.0,7.0,2024-04-23 00:00:00,171378.35,1199648.45
5044.0,2.0,7.0,5.0,2021-10-11 00:00:00,147550.46,737752.31
5046.0,38.0,4.0,10.76,2022-05-13 00:00:00,129666.24,1394660.94
5050.0,71.0,19.0,6.0,2022-09-08 00:00:00,99292.77,595756.63
5052.0,28.0,2.0,10.58,2021-12-17 00:00:00,167391.12,1770580.83
5053.0,9.0,11.0,11.0,2021-12-30 00:00:00,156800.0,1724800.0
5054.0,78.0,8.0,10.0,2021-06-21 00:00:00,151200.0,1512000.0
5055.0,15.0,16.0,3.0,2022-07-08 00:00:00,108699.44,326098.33
5058.0,98.0,15.0,9.97,2021-10-12 00:00:00,93154.76,929135.86
5059.0,38.0,12.0,9.0,2023-05-11 00:00:00,88312.26,794810.32
5060.0,78.0,19.0,8.0,2023-11-17 00:00:00,99122.61,792980.88
5061.0,60.0,9.0,9.0,2024-04-08 00:00:00,102861.41,925752.72
5062.0,80.0,8.0,13.0,2021-09-09 00:00:00,149707.22,1946193.87
5067.0,67.0,14.0,10.57,2023-10-21 00:00:00,137516.63,1454136.3
5068.0,100.0,17.0,10.97,2021-02-20 00:00:00,151241.86,1659077.37
5069.0,45.0,8.0,10.0,2023-04-19 00:00:00,151200.0,1512000.0
5071.0,84.0,4.0,1.0,2021-07-07 00:00:00,128570.52,128570.52
5073.0,76.0,13.0,10.73,2024-02-11 00:00:00,194211.59,2083790.0
5074.0,47.0,8.0,10.56,2023-01-17 00:00:00,151200.0,1596842.63
5076.0,96.0,2.0,9.0,2021-08-06 00:00:00,171210.54,1540894.89
5077.0,30.0,11.0,3.0,2022-07-02 00:00:00,166648.0,499943.99
5081.0,9.0,20.0,10.85,2022-12-22 00:00:00,224000.0,2430060.61
5082.0,15.0,10.0,10.42,2023-12-31 00:00:00,89600.0,933917.68
5083.0,86.0,11.0,11.06,2023-09-12 00:00:00,151305.32,1673541.78
5084.0,63.0,10.0,11.0,2021-04-17 00:00:00,94265.22,1036917.42
5085.0,78.0,17.0,16.0,2020-12-29 00:00:00,183063.95,2929023.22
5086.0,48.0,19.0,15.0,2022-11-04 00:00:00,90264.64,1353969.67
5087.0,57.0,1.0,9.89,2023-09-05 00:00:00,132489.99,1310822.88
5088.0,66.0,9.0,16.0,2023-06-25 00:00:00,107478.63,1719658.09
5090.0,45.0,13.0,9.0,2024-05-03 00:00:00,196000.0,1764000.0
5091.0,89.0,20.0,6.0,2023-10-13 00:00:00,236836.97,1421021.83
5092.0,27.0,3.0,13.0,2023-01-05 00:00:00,94176.16,1224290.14
5093.0,22.0,14.0,8.0,2021-03-23 00:00:00,123868.33,990946.62
5097.0,66.0,1.0,19.0,2022-11-11 00:00:00,149873.29,2847592.46
5098.0,39.0,16.0,6.0,2021-04-03 00:00:00,101504.51,609027.06
5101.0,80.0,18.0,11.0,2023-09-11 00:00:00,138797.75,1526775.24
5105.0,37.0,1.0,0.0,2022-05-03 00:00:00,150453.9,0.0
5108.0,38.0,4.0,6.0,2023-09-12 00:00:00,132961.51,797769.07
5110.0,9.0,7.0,13.0,2024-02-10 00:00:00,152626.17,1984140.19
5111.0,10.0,15.0,16.0,2023-12-18 00:00:00,96753.8,1548060.86
5113.0,37.0,12.0,4.0,2023-08-16 00:00:00,87567.77,350271.08
5114.0,76.0,8.0,12.0,2021-06-25 00:00:00,139938.03,1679256.41
5118.0,58.0,16.0,9.0,2024-10-11 00:00:00,97709.13,879382.19
5119.0,39.0,7.0,16.0,2023-09-16 00:00:00,139204.21,2227267.42
5120.0,93.0,18.0,3.0,2024-06-23 00:00:00,124391.09,373173.28
5121.0,13.0,16.0,10.47,2021-09-26 00:00:00,106400.0,1114400.0
5126.0,19.0,17.0,3.0,2023-10-10 00:00:00,154097.29,462291.88
5127.0,95.0,6.0,7.0,2021-02-15 00:00:00,181296.09,1269072.65
5128.0,62.0,7.0,12.0,2023-10-14 00:00:00,137017.8,1644213.65
5130.0,61.0,16.0,5.0,2021-02-21 00:00:00,106847.59,534237.94
5133.0,56.0,10.0,19.0,2021-03-02 00:00:00,90838.8,1725937.12
5134.0,76.0,6.0,1.0,2024-01-20 00:00:00,175358.07,175358.07
5136.0,85.0,1.0,5.0,2021-11-06 00:00:00,144859.04,724295.18
5138.0,90.0,6.0,10.63,2023-04-06 00:00:00,192918.79,2049962.58
5143.0,33.0,12.0,9.0,2021-04-03 00:00:00,77465.97,697193.74
5144.0,5.0,2.0,6.0,2021-08-19 00:00:00,172531.95,1035191.71
5146.0,66.0,17.0,16.0,2022-08-12 00:00:00,163204.38,2611270.13
5148.0,84.0,5.0,20.0,2021-06-24 00:00:00,90119.07,1802381.49
5150.0,36.0,17.0,20.0,2021-03-27 00:00:00,160745.13,3214902.59
5151.0,4.0,7.0,10.0,2020-12-28 00:00:00,160605.55,1606055.53
5152.0,91.0,18.0,21.0,2023-03-01 00:00:00,124610.71,2616824.88
5154.0,77.0,13.0,5.0,2021-12-20 00:00:00,183206.97,916034.83
5155.0,16.0,19.0,15.0,2021-07-14 00:00:00,97163.76,1457456.39
5156.0,67.0,5.0,14.0,2021-09-28 00:00:00,88169.38,1234371.29
5161.0,39.0,19.0,9.0,2024-09-10 00:00:00,101190.93,910718.35
5162.0,80.0,3.0,3.0,2022-02-17 00:00:00,104613.27,313839.8
5168.0,20.0,16.0,7.0,2023-02-07 00:00:00,104894.07,734258.46
5169.0,27.0,8.0,1.0,2023-05-08 00:00:00,152106.24,152106.24
5170.0,39.0,9.0,13.0,2020-11-08 00:00:00,116313.54,1512076.0
5177.0,83.0,12.0,14.0,2022-04-01 00:00:00,87977.01,1231678.15
5178.0,6.0,6.0,4.0,2021-10-22 00:00:00,184106.42,736425.68
5179.0,70.0,2.0,16.0,2024-03-10 00:00:00,157711.72,2523387.58
5180.0,49.0,8.0,9.0,2023-10-17 00:00:00,146527.76,1318749.87
5182.0,28.0,8.0,16.0,2023-10-21 00:00:00,145437.07,2326993.15
5185.0,53.0,16.0,17.0,2021-02-20 00:00:00,95791.01,1628447.11
5186.0,97.0,5.0,18.0,2022-10-18 00:00:00,88263.09,1588735.63
5190.0,24.0,19.0,10.3,2023-05-03 00:00:00,91959.41,946801.04
5191.0,27.0,2.0,10.0,2022-01-10 00:00:00,184642.22,1846422.2
5192.0,77.0,14.0,6.0,2024-05-07 00:00:00,140922.52,845535.13
5193.0,71.0,9.0,10.46,2021-06-25 00:00:00,107238.5,1121454.69
5194.0,85.0,12.0,10.4,2021-11-07 00:00:00,91969.42,956830.14
5201.0,83.0,5.0,18.0,2022-01-06 00:00:00,84000.0,1512000.0
5202.0,12.0,17.0,13.0,2024-07-15 00:00:00,181470.27,2359113.52
5205.0,3.0,19.0,18.0,2021-09-01 00:00:00,99929.35,1798728.32
5207.0,78.0,3.0,1.0,2022-08-30 00:00:00,99151.35,99151.35
5209.0,50.0,13.0,18.0,2021-02-16 00:00:00,198881.36,3579864.49
5212.0,46.0,14.0,19.0,2023-11-17 00:00:00,118417.87,2249939.6
5213.0,34.0,5.0,16.0,2022-03-06 00:00:00,76479.76,1223676.24
5214.0,26.0,17.0,18.0,2022-09-21 00:00:00,182833.71,3291006.7
5215.0,22.0,17.0,14.0,2024-02-29 00:00:00,162462.64,2274476.89
5217.0,51.0,7.0,16.0,2024-10-28 00:00:00,150013.0,2400207.93
5218.0,71.0,8.0,17.0,2021-07-29 00:00:00,151200.0,2570400.0
5221.0,54.0,1.0,6.0,2023-04-14 00:00:00,141198.0,847187.98
5226.0,100.0,19.0,4.0,2023-06-01 00:00:00,96403.74,385614.95
5228.0,26.0,16.0,9.0,2023-12-04 00:00:00,99118.78,892069.03
5229.0,98.0,11.0,15.0,2022-01-07 00:00:00,165864.86,2487972.97
5230.0,10.0,20.0,2.0,2021-04-30 00:00:00,216169.13,432338.26
5234.0,84.0,15.0,10.0,2022-05-11 00:00:00,100800.0,1008000.0
5235.0,23.0,14.0,14.0,2022-05-15 00:00:00,124830.43,1747626.05
5242.0,49.0,14.0,5.0,2024-02-26 00:00:00,116679.86,583399.29
5244.0,64.0,6.0,2.0,2024-04-28 00:00:00,182254.88,364509.77
5245.0,23.0,13.0,19.0,2024-03-09 00:00:00,196000.0,3724000.0
5247.0,43.0,11.0,13.0,2023-06-16 00:00:00,167612.73,2178965.54
5249.0,56.0,19.0,6.0,2021-03-02 00:00:00,97335.5,584012.98
5251.0,25.0,2.0,2.0,2021-03-06 00:00:00,162350.81,324701.63
5252.0,51.0,12.0,1.0,2023-02-06 00:00:00,88539.12,88539.12
5255.0,62.0,14.0,14.0,2023-08-19 00:00:00,116211.04,1626954.56
5257.0,63.0,3.0,11.0,2022-01-06 00:00:00,108931.54,1198246.93
5258.0,70.0,15.0,8.0,2022-04-07 00:00:00,100363.43,802907.42
5259.0,68.0,1.0,4.0,2022-01-06 00:00:00,129630.32,518521.27
5260.0,69.0,9.0,13.0,2024-07-10 00:00:00,111027.76,1443360.86
5261.0,71.0,2.0,10.58,2021-06-21 00:00:00,172077.78,1820154.03
5265.0,23.0,20.0,17.0,2021-01-08 00:00:00,232199.21,3947386.53
5268.0,43.0,2.0,5.0,2022-06-02 00:00:00,168370.0,841849.99
5269.0,89.0,9.0,2.0,2022-06-27 00:00:00,106335.98,212671.97
5270.0,46.0,18.0,4.0,2022-10-02 00:00:00,134400.0,537600.0
5272.0,10.0,15.0,17.0,2023-10-04 00:00:00,94658.56,1609195.55
5273.0,95.0,4.0,13.0,2023-12-24 00:00:00,120288.5,1563750.55
5274.0,3.0,13.0,19.0,2024-07-01 00:00:00,181023.34,3439443.43
5279.0,52.0,10.0,12.0,2022-06-17 00:00:00,89600.0,1075200.0
5281.0,49.0,6.0,12.0,2022-04-16 00:00:00,167580.45,2010965.36
5285.0,9.0,1.0,1.0,2021-06-25 00:00:00,139360.33,139360.33
5286.0,98.0,19.0,2.0,2022-01-04 00:00:00,90664.94,181329.88
5289.0,7.0,7.0,11.0,2024-02-24 00:00:00,142889.63,1571785.92
5290.0,96.0,3.0,17.0,2021-04-29 00:00:00,110331.38,1875633.49
5292.0,68.0,7.0,13.0,2024-08-12 00:00:00,165042.38,2145550.98
5295.0,31.0,7.0,6.0,2023-04-08 00:00:00,148396.15,890376.92
5296.0,14.0,8.0,5.0,2023-03-26 00:00:00,153528.0,767639.98
5299.0,22.0,6.0,3.0,2024-06-12 00:00:00,177701.51,533104.53
5301.0,72.0,6.0,20.0,2023-03-03 00:00:00,176251.28,3525025.68
5302.0,43.0,3.0,10.05,2022-07-25 00:00:00,93778.59,942380.25
5312.0,90.0,15.0,17.0,2023-06-09 00:00:00,92220.66,1567751.14
5314.0,4.0,17.0,12.0,2020-11-08 00:00:00,166594.48,1999133.79
5315.0,46.0,13.0,13.0,2021-10-28 00:00:00,182587.98,2373643.8
5316.0,34.0,5.0,10.33,2023-12-02 00:00:00,90335.14,933081.96
5318.0,1.0,6.0,10.63,2022-12-27 00:00:00,188106.42,1998826.16
5319.0,62.0,9.0,10.46,2022-03-11 00:00:00,108488.0,1134521.49
5326.0,77.0,6.0,8.0,2021-05-28 00:00:00,168690.61,1349524.89
5328.0,83.0,20.0,8.0,2023-08-04 00:00:00,224000.0,1792000.0
5331.0,76.0,8.0,11.0,2022-11-29 00:00:00,157893.9,1736832.86
5332.0,30.0,20.0,13.0,2024-06-03 00:00:00,211589.7,2750666.04
5333.0,28.0,16.0,4.0,2020-03-11 00:00:00,113458.68,453834.71
5335.0,75.0,3.0,6.0,2022-08-11 00:00:00,98829.44,592976.67
5339.0,89.0,20.0,6.0,2022-10-10 00:00:00,214036.58,1284219.5
5341.0,17.0,7.0,7.0,2023-06-29 00:00:00,144022.76,1008159.33
5343.0,98.0,15.0,14.0,2021-04-01 00:00:00,96069.05,1344966.66
5344.0,99.0,12.0,8.0,2023-04-18 00:00:00,82492.75,659941.97
5348.0,52.0,4.0,3.0,2021-02-10 00:00:00,120680.06,362040.16
5349.0,75.0,14.0,3.0,2023-07-31 00:00:00,128800.0,386400.0
5350.0,86.0,8.0,2.0,2023-06-02 00:00:00,149389.16,298778.31
5355.0,22.0,6.0,9.0,2022-07-28 00:00:00,162945.04,1466505.34
5356.0,35.0,7.0,9.0,2023-02-11 00:00:00,151200.0,1360800.0
5357.0,11.0,11.0,11.0,2024-09-05 00:00:00,149665.57,1646321.27
5360.0,73.0,14.0,14.0,2020-10-30 00:00:00,117394.55,1643523.73
5361.0,63.0,5.0,13.0,2023-09-13 00:00:00,78516.32,1020712.21
5362.0,81.0,18.0,14.0,2022-11-22 00:00:00,134400.0,1881600.0
5363.0,19.0,10.0,3.0,2021-03-06 00:00:00,81807.42,245422.27
5364.0,90.0,6.0,6.0,2023-07-30 00:00:00,179200.0,1075200.0
5365.0,55.0,14.0,5.0,2023-01-14 00:00:00,120334.45,601672.26
5367.0,37.0,20.0,11.0,2023-06-16 00:00:00,217593.37,2393527.02
5369.0,18.0,18.0,7.0,2022-10-10 00:00:00,134400.0,940800.0
5371.0,78.0,19.0,8.0,2023-12-24 00:00:00,104185.89,833487.1
5375.0,54.0,8.0,10.56,2024-05-09 00:00:00,150124.04,1585479.33
5377.0,12.0,3.0,7.0,2023-02-09 00:00:00,107153.22,750072.51
5378.0,38.0,16.0,10.0,2023-11-11 00:00:00,108544.33,1085443.32
5380.0,85.0,1.0,4.0,2022-07-11 00:00:00,147845.22,591380.88
5382.0,94.0,8.0,1.0,2023-01-23 00:00:00,136636.2,136636.2
5383.0,53.0,17.0,10.97,2024-04-15 00:00:00,174099.02,1909813.47
5386.0,60.0,5.0,8.0,2021-01-28 00:00:00,76905.39,615243.08
5389.0,98.0,13.0,16.0,2021-08-14 00:00:00,207421.3,3318740.85
5390.0,79.0,20.0,3.0,2021-09-08 00:00:00,218062.9,654188.69
5393.0,29.0,20.0,6.0,2021-07-01 00:00:00,218670.96,1312025.77
5398.0,16.0,20.0,3.0,2021-05-09 00:00:00,239206.74,717620.21
5402.0,65.0,3.0,12.0,2021-08-03 00:00:00,90823.82,1089885.87
5405.0,21.0,19.0,18.0,2022-05-11 00:00:00,87451.92,1574134.5
5407.0,72.0,11.0,20.0,2023-12-03 00:00:00,142052.73,2841054.69
5409.0,60.0,1.0,11.0,2021-08-27 00:00:00,141140.72,1552547.88
5410.0,88.0,10.0,15.0,2023-07-17 00:00:00,90489.92,1357348.74
5411.0,96.0,3.0,20.0,2023-11-09 00:00:00,106126.23,2122524.56
5413.0,52.0,17.0,15.0,2021-02-06 00:00:00,167990.24,2519853.55
5415.0,45.0,18.0,9.0,2022-11-25 00:00:00,138992.6,1250933.4
5418.0,14.0,2.0,10.58,2023-04-16 00:00:00,172730.72,1827060.54
5419.0,18.0,12.0,12.0,2021-03-26 00:00:00,89805.63,1077667.53
5420.0,84.0,9.0,5.0,2024-01-16 00:00:00,113264.97,566324.83
5421.0,21.0,2.0,21.0,2022-07-15 00:00:00,161092.46,3382941.75
5425.0,62.0,5.0,13.0,2022-12-31 00:00:00,79208.44,1029709.66
5426.0,6.0,10.0,3.0,2023-09-12 00:00:00,98499.93,295499.79
5430.0,20.0,2.0,19.0,2024-04-30 00:00:00,173064.83,3288231.72
5431.0,73.0,6.0,4.0,2022-10-25 00:00:00,176833.89,707335.57
5432.0,14.0,2.0,12.0,2021-04-29 00:00:00,155193.04,1862316.49
5434.0,68.0,19.0,2.0,2021-05-29 00:00:00,99318.05,198636.1
5436.0,31.0,2.0,1.0,2022-09-29 00:00:00,159728.34,159728.34
5437.0,62.0,6.0,10.0,2023-04-09 00:00:00,179267.88,1792678.84
5440.0,82.0,5.0,18.0,2023-10-09 00:00:00,84244.28,1516396.96
5441.0,7.0,18.0,8.0,2024-06-26 00:00:00,122927.38,983419.02
5442.0,4.0,14.0,11.0,2024-07-26 00:00:00,134578.69,1480365.56
5443.0,6.0,18.0,9.0,2024-07-13 00:00:00,137088.85,1233799.61
5445.0,15.0,14.0,6.0,2021-01-14 00:00:00,130587.23,783523.35
5446.0,36.0,6.0,2.0,2021-07-21 00:00:00,177256.43,354512.86
5447.0,90.0,9.0,11.0,2021-04-30 00:00:00,106434.85,1170783.39
5448.0,93.0,20.0,19.0,2023-07-31 00:00:00,224000.0,4256000.0
5452.0,32.0,14.0,16.0,2024-04-23 00:00:00,129737.19,2075795.08
5455.0,37.0,16.0,5.0,2022-06-11 00:00:00,106007.9,530039.49
5458.0,13.0,17.0,10.0,2021-07-11 00:00:00,177172.68,1771726.81
5460.0,58.0,16.0,14.0,2023-07-07 00:00:00,100925.72,1412960.11
5463.0,18.0,16.0,2.0,2021-10-18 00:00:00,111846.78,223693.56
5466.0,69.0,5.0,1.0,2022-12-06 00:00:00,78909.53,78909.53
5467.0,31.0,18.0,11.0,2023-10-28 00:00:00,143094.66,1574041.25
5468.0,87.0,15.0,4.0,2023-04-03 00:00:00,102119.12,408476.48
5471.0,44.0,18.0,10.97,2021-03-23 00:00:00,146611.1,1609033.72
5472.0,15.0,16.0,17.0,2021-01-07 00:00:00,116072.89,1973239.05
5474.0,63.0,15.0,15.0,2023-11-19 00:00:00,100800.0,1512000.0
5475.0,13.0,1.0,6.0,2023-03-19 00:00:00,139642.12,837852.7
5476.0,86.0,12.0,0.0,2023-01-04 00:00:00,90997.98,0.0
5478.0,99.0,4.0,0.0,2024-10-01 00:00:00,127953.86,0.0
5479.0,45.0,16.0,16.0,2024-07-30 00:00:00,105462.24,1687395.78
5480.0,17.0,3.0,20.0,2022-06-05 00:00:00,97170.06,1943401.16
5481.0,77.0,3.0,10.05,2024-05-04 00:00:00,91515.61,919639.61
5483.0,50.0,10.0,16.0,2023-04-01 00:00:00,84365.0,1349840.06
5487.0,18.0,12.0,11.0,2024-01-23 00:00:00,92180.77,1013988.43
5489.0,43.0,19.0,8.0,2020-12-15 00:00:00,89554.87,716438.97
5490.0,83.0,4.0,14.0,2021-03-17 00:00:00,116237.74,1627328.31
5491.0,55.0,15.0,5.0,2024-03-04 00:00:00,96386.68,481933.42
5492.0,52.0,7.0,20.0,2021-05-08 00:00:00,156617.89,3132357.88
5495.0,80.0,19.0,10.0,2023-10-22 00:00:00,98170.66,981706.56
5502.0,44.0,12.0,13.0,2022-02-26 00:00:00,89823.68,1167707.88
5504.0,20.0,4.0,15.0,2023-11-06 00:00:00,110894.85,1663422.73
5506.0,21.0,18.0,20.0,2023-07-09 00:00:00,143284.2,2865684.0
5508.0,67.0,9.0,11.0,2024-07-25 00:00:00,102499.23,1127491.58
5509.0,22.0,4.0,16.0,2023-11-09 00:00:00,115299.35,1844789.52
5520.0,18.0,12.0,17.0,2022-11-25 00:00:00,78954.72,1342230.17
5523.0,71.0,6.0,4.0,2024-10-25 00:00:00,162411.78,649647.11
5525.0,84.0,12.0,12.0,2024-04-01 00:00:00,75783.38,909400.5
5526.0,60.0,13.0,8.0,2022-01-20 00:00:00,212534.38,1700275.07
5528.0,94.0,5.0,19.0,2022-12-02 00:00:00,84000.0,1596000.0
5530.0,67.0,3.0,9.0,2022-05-01 00:00:00,96475.77,868281.96
5531.0,66.0,9.0,9.0,2024-05-09 00:00:00,102825.68,925431.09
5532.0,35.0,13.0,20.0,2022-06-01 00:00:00,201608.56,4032171.23
5533.0,11.0,5.0,18.0,2023-08-13 00:00:00,84000.0,1512000.0
5534.0,44.0,7.0,21.0,2022-04-16 00:00:00,161656.51,3394786.78
5535.0,92.0,2.0,5.0,2022-08-06 00:00:00,153298.24,766491.2
5536.0,21.0,2.0,1.0,2024-05-18 00:00:00,170533.54,170533.54
5542.0,2.0,16.0,10.47,2023-08-08 00:00:00,105934.09,1109520.19
5545.0,92.0,13.0,19.0,2024-04-10 00:00:00,198805.07,3777296.26
5546.0,15.0,13.0,19.0,2024-01-27 00:00:00,179857.8,3417298.25
5547.0,51.0,3.0,2.0,2023-02-04 00:00:00,104894.04,209788.08
5551.0,87.0,5.0,10.33,2023-09-05 00:00:00,90001.33,929634.03
5557.0,64.0,8.0,10.56,2024-03-20 00:00:00,151200.0,1596842.63
5560.0,17.0,12.0,7.0,2021-08-18 00:00:00,84000.0,588000.0
5561.0,12.0,15.0,10.0,2024-01-29 00:00:00,109029.93,1090299.25
5563.0,99.0,7.0,10.0,2021-08-02 00:00:00,158855.46,1588554.57
5567.0,35.0,18.0,10.0,2024-09-04 00:00:00,124848.09,1248480.86
5568.0,84.0,2.0,20.0,2023-12-12 00:00:00,182603.75,3652075.05
5575.0,26.0,11.0,2.0,2022-08-20 00:00:00,153016.14,306032.28
5576.0,81.0,12.0,6.0,2022-02-19 00:00:00,79796.51,478779.09
5577.0,5.0,12.0,12.0,2021-08-01 00:00:00,84000.0,1008000.0
5580.0,77.0,11.0,15.0,2020-10-30 00:00:00,164572.23,2468583.43
5583.0,100.0,14.0,15.0,2023-11-16 00:00:00,135964.36,2039465.45
5585.0,77.0,1.0,9.89,2024-03-28 00:00:00,137802.97,1363388.13
5592.0,36.0,19.0,0.0,2023-04-09 00:00:00,91328.88,0.0
5594.0,64.0,17.0,9.0,2023-07-22 00:00:00,155603.74,1400433.63
5596.0,59.0,13.0,18.0,2022-09-06 00:00:00,213249.16,3838484.92
5597.0,71.0,11.0,4.0,2022-04-03 00:00:00,141454.14,565816.57
5598.0,69.0,5.0,5.0,2024-11-01 00:00:00,87545.41,437727.03
5599.0,17.0,3.0,7.0,2021-01-09 00:00:00,98675.46,690728.2
5600.0,78.0,3.0,14.0,2024-06-06 00:00:00,92222.23,1291111.28
5601.0,42.0,12.0,11.0,2024-07-15 00:00:00,77939.83,857338.18
5605.0,16.0,3.0,7.0,2021-12-18 00:00:00,96487.32,675411.27
5607.0,43.0,18.0,13.0,2022-05-23 00:00:00,142556.86,1853239.24
5608.0,34.0,2.0,4.0,2022-09-04 00:00:00,167772.61,671090.45
5610.0,58.0,1.0,9.0,2024-05-07 00:00:00,137094.36,1233849.26
5616.0,87.0,18.0,8.0,2021-03-12 00:00:00,134696.45,1077571.6
5618.0,45.0,16.0,20.0,2022-05-30 00:00:00,106400.0,2128000.0
5619.0,92.0,17.0,3.0,2021-04-07 00:00:00,160905.89,482717.67
5622.0,11.0,13.0,15.0,2022-02-04 00:00:00,189385.35,2840780.25
5624.0,63.0,6.0,10.0,2024-01-16 00:00:00,161332.51,1613325.1
5627.0,38.0,12.0,1.0,2021-02-18 00:00:00,84000.0,84000.0
5629.0,16.0,12.0,16.0,2021-10-18 00:00:00,84253.14,1348050.27
5631.0,6.0,20.0,8.0,2022-03-25 00:00:00,210750.85,1686006.82
5635.0,78.0,7.0,11.0,2021-01-03 00:00:00,149911.98,1649031.8
5637.0,17.0,14.0,18.0,2021-11-14 00:00:00,128456.73,2312221.06
5638.0,16.0,11.0,11.06,2022-03-13 00:00:00,150288.99,1662300.47
5639.0,54.0,4.0,2.0,2021-05-09 00:00:00,125755.31,251510.61
5640.0,83.0,2.0,19.0,2022-08-01 00:00:00,154931.27,2943694.17
5645.0,63.0,10.0,15.0,2023-10-20 00:00:00,92136.43,1382046.5
5648.0,81.0,12.0,3.0,2021-06-29 00:00:00,87374.05,262122.15
5653.0,19.0,20.0,8.0,2022-07-11 00:00:00,204571.94,1636575.51
5655.0,81.0,18.0,15.0,2023-12-14 00:00:00,131668.71,1975030.65
5656.0,29.0,4.0,16.0,2023-05-03 00:00:00,131301.36,2100821.71
5658.0,84.0,7.0,13.0,2021-02-28 00:00:00,150683.03,1958879.36
5660.0,55.0,13.0,13.0,2022-08-05 00:00:00,201769.76,2623006.83
5661.0,35.0,7.0,17.0,2023-12-07 00:00:00,161294.92,2742013.66
5662.0,36.0,16.0,13.0,2021-11-10 00:00:00,115453.83,1500899.84
5664.0,40.0,7.0,8.0,2022-10-21 00:00:00,148745.83,1189966.61
5667.0,60.0,7.0,13.0,2024-01-16 00:00:00,153110.88,1990441.5
5668.0,93.0,19.0,15.0,2024-09-05 00:00:00,99740.82,1496112.23
5669.0,41.0,18.0,9.0,2024-10-05 00:00:00,142565.41,1283088.71
5670.0,60.0,2.0,2.0,2021-01-30 00:00:00,179437.58,358875.15
5671.0,31.0,6.0,10.63,2021-12-06 00:00:00,179200.0,1904186.15
5674.0,71.0,16.0,5.0,2022-03-26 00:00:00,108383.69,541918.46
5678.0,75.0,19.0,10.0,2021-11-30 00:00:00,104457.05,1044570.55
5679.0,46.0,20.0,11.0,2022-04-05 00:00:00,240767.5,2648442.48
5686.0,11.0,8.0,11.0,2022-01-19 00:00:00,139119.33,1530312.62
5688.0,69.0,6.0,9.0,2022-09-25 00:00:00,182466.88,1642201.88
5691.0,98.0,12.0,17.0,2022-04-06 00:00:00,81473.51,1385049.68
5693.0,6.0,20.0,7.0,2023-12-12 00:00:00,235690.48,1649833.33
5700.0,62.0,14.0,9.0,2023-06-20 00:00:00,128800.0,1159200.0
5701.0,6.0,5.0,16.0,2022-07-02 00:00:00,76645.81,1226332.98
5702.0,52.0,8.0,8.0,2023-06-01 00:00:00,153905.46,1231243.67
5704.0,16.0,5.0,8.0,2024-09-26 00:00:00,82078.24,656625.9
5705.0,85.0,15.0,9.97,2023-04-02 00:00:00,103839.26,1035704.19
5707.0,79.0,13.0,10.73,2022-08-04 00:00:00,188310.12,2020470.25
5708.0,51.0,14.0,18.0,2022-10-02 00:00:00,128800.0,2318400.0
5712.0,32.0,14.0,10.57,2021-12-07 00:00:00,119771.05,1266489.94
5715.0,29.0,7.0,15.0,2021-06-10 00:00:00,151200.0,2268000.0
5716.0,42.0,10.0,12.0,2023-07-18 00:00:00,86983.91,1043806.94
5719.0,92.0,20.0,5.0,2024-05-06 00:00:00,238029.1,1190145.51
5722.0,81.0,19.0,19.0,2024-05-30 00:00:00,102351.3,1944674.77
5725.0,26.0,14.0,13.0,2023-12-20 00:00:00,140505.81,1826575.59
5727.0,26.0,20.0,19.0,2023-12-19 00:00:00,202577.73,3848976.84
5728.0,82.0,13.0,8.0,2022-04-16 00:00:00,190167.46,1521339.67
5731.0,57.0,3.0,1.0,2021-09-12 00:00:00,99668.2,99668.2
5732.0,71.0,19.0,12.0,2024-07-21 00:00:00,86676.7,1040120.44
5734.0,23.0,2.0,10.0,2021-11-21 00:00:00,168000.0,1680000.0
5735.0,67.0,10.0,2.0,2021-02-21 00:00:00,96637.51,193275.03
5738.0,80.0,14.0,9.0,2022-01-25 00:00:00,128800.0,1159200.0
5740.0,86.0,4.0,16.0,2021-12-15 00:00:00,114381.59,1830105.48
5742.0,48.0,19.0,5.0,2024-10-04 00:00:00,94613.89,473069.46
5744.0,12.0,18.0,10.0,2020-12-24 00:00:00,132124.54,1321245.43
5748.0,26.0,6.0,7.0,2022-10-11 00:00:00,192089.13,1344623.93
5756.0,38.0,2.0,3.0,2022-11-16 00:00:00,158877.88,476633.64
5757.0,88.0,16.0,21.0,2024-03-23 00:00:00,106400.0,2234400.0
5758.0,84.0,2.0,16.0,2024-08-15 00:00:00,174845.24,2797523.77
5759.0,51.0,18.0,7.0,2022-05-09 00:00:00,147153.59,1030075.11
5760.0,2.0,13.0,1.0,2021-04-20 00:00:00,196000.0,196000.0
5762.0,66.0,6.0,1.0,2023-11-06 00:00:00,173378.6,173378.6
5765.0,90.0,4.0,11.0,2024-11-05 00:00:00,122100.89,1343109.81
5766.0,4.0,9.0,19.0,2022-03-20 00:00:00,112000.0,2128000.0
5767.0,89.0,14.0,10.57,2023-07-02 00:00:00,128354.65,1357255.14
5768.0,13.0,1.0,9.0,2021-03-08 00:00:00,140000.0,1260000.0
5770.0,11.0,18.0,18.0,2021-12-05 00:00:00,137155.64,2468801.51
5774.0,71.0,16.0,7.0,2022-06-19 00:00:00,103189.34,722325.37
5778.0,87.0,11.0,17.0,2022-07-27 00:00:00,172338.83,2929760.09
5779.0,68.0,10.0,11.0,2024-04-22 00:00:00,92577.02,1018347.22
5780.0,90.0,4.0,12.0,2022-03-18 00:00:00,122793.38,1473520.54
5781.0,47.0,14.0,12.0,2024-01-04 00:00:00,116411.76,1396941.17
5782.0,46.0,11.0,11.06,2021-01-21 00:00:00,152114.31,1682489.79
5784.0,32.0,8.0,8.0,2024-08-20 00:00:00,148288.4,1186307.16
5786.0,79.0,20.0,12.0,2024-08-03 00:00:00,202096.66,2425159.94
5787.0,98.0,7.0,10.41,2023-05-09 00:00:00,156506.98,1629367.21
5788.0,87.0,1.0,17.0,2024-05-10 00:00:00,130333.62,2215671.49
5789.0,89.0,2.0,14.0,2022-07-21 00:00:00,168957.22,2365401.07
5793.0,88.0,2.0,9.0,2024-07-03 00:00:00,168123.44,1513111.0
5794.0,20.0,20.0,7.0,2023-08-05 00:00:00,239532.22,1676725.57
5796.0,46.0,18.0,15.0,2024-10-26 00:00:00,132292.06,1984380.9
5797.0,31.0,7.0,4.0,2023-10-26 00:00:00,137808.11,551232.43
5799.0,77.0,14.0,7.0,2024-07-22 00:00:00,139449.98,976149.89
5800.0,62.0,4.0,16.0,2024-10-18 00:00:00,121262.84,1940205.51
5801.0,39.0,2.0,8.0,2021-06-09 00:00:00,172633.13,1381065.07
5804.0,84.0,17.0,12.0,2023-04-19 00:00:00,168000.0,2016000.0
5805.0,31.0,4.0,11.0,2022-01-25 00:00:00,130083.12,1430914.36
5808.0,78.0,17.0,2.0,2021-03-30 00:00:00,162647.92,325295.85
5810.0,34.0,19.0,12.0,2024-03-23 00:00:00,96484.36,1157812.34
5811.0,28.0,11.0,2.0,2022-10-12 00:00:00,164044.09,328088.18
5813.0,55.0,8.0,7.0,2024-10-06 00:00:00,140183.79,981286.54
5820.0,57.0,12.0,10.4,2022-07-11 00:00:00,77779.93,809205.68
5823.0,99.0,4.0,1.0,2021-04-26 00:00:00,111139.67,111139.67
5825.0,51.0,3.0,14.0,2022-10-16 00:00:00,106887.14,1496420.01
5826.0,61.0,13.0,7.0,2023-03-04 00:00:00,204873.65,1434115.53
5827.0,43.0,19.0,19.0,2024-10-12 00:00:00,102225.29,1942280.48
5828.0,89.0,12.0,18.0,2023-11-27 00:00:00,82133.36,1478400.57
5829.0,7.0,12.0,14.0,2022-08-02 00:00:00,88210.5,1234947.01
5830.0,96.0,15.0,14.0,2023-04-10 00:00:00,97544.34,1365620.75
5833.0,12.0,6.0,7.0,2021-05-29 00:00:00,179200.0,1254400.0
5835.0,81.0,1.0,17.0,2024-06-09 00:00:00,136062.44,2313061.5
5836.0,86.0,11.0,8.0,2021-07-20 00:00:00,151468.13,1211745.08
5837.0,48.0,7.0,14.0,2021-11-11 00:00:00,163530.47,2289426.54
5843.0,71.0,20.0,8.0,2022-08-24 00:00:00,240381.82,1923054.59
5845.0,51.0,4.0,10.0,2024-01-26 00:00:00,123244.07,1232440.7
5847.0,34.0,13.0,5.0,2022-08-26 00:00:00,196000.0,980000.0
5848.0,42.0,9.0,18.0,2022-02-01 00:00:00,110303.55,1985463.84
5850.0,53.0,7.0,15.0,2023-02-19 00:00:00,150977.66,2264664.96
5851.0,14.0,10.0,11.0,2020-10-11 00:00:00,80886.3,889749.31
5852.0,80.0,18.0,17.0,2021-11-10 00:00:00,128449.15,2183635.58
5856.0,98.0,18.0,17.0,2022-02-01 00:00:00,141316.34,2402377.76
5857.0,90.0,13.0,18.0,2023-05-17 00:00:00,196000.0,3528000.0
5858.0,38.0,6.0,7.0,2021-12-30 00:00:00,161312.55,1129187.84
5862.0,11.0,12.0,3.0,2024-06-16 00:00:00,76277.91,228833.74
5866.0,87.0,2.0,17.0,2021-05-04 00:00:00,182066.11,3095123.83
5869.0,73.0,1.0,8.0,2023-01-24 00:00:00,149019.4,1192155.19
5870.0,84.0,12.0,15.0,2023-01-23 00:00:00,91175.05,1367625.79
5871.0,5.0,14.0,19.0,2021-08-12 00:00:00,128672.78,2444782.85
5872.0,33.0,12.0,10.4,2024-05-02 00:00:00,78933.93,821211.65
5873.0,37.0,16.0,6.0,2024-05-01 00:00:00,99193.97,595163.8
5874.0,55.0,16.0,7.0,2022-09-13 00:00:00,106380.07,744660.46
5877.0,53.0,18.0,16.0,2024-01-12 00:00:00,124296.89,1988750.19
5884.0,72.0,9.0,10.46,2021-03-17 00:00:00,112826.78,1179894.55
5885.0,56.0,15.0,5.0,2023-12-26 00:00:00,100908.65,504543.25
5886.0,24.0,4.0,11.0,2023-06-28 00:00:00,123491.94,1358411.38
5888.0,82.0,9.0,8.0,2022-03-05 00:00:00,112567.44,900539.52
5889.0,8.0,18.0,9.0,2024-07-08 00:00:00,130518.52,1174666.7
5891.0,54.0,13.0,18.0,2022-07-25 00:00:00,198715.16,3576872.88
5892.0,87.0,19.0,5.0,2021-05-17 00:00:00,97919.35,489596.77
5897.0,66.0,17.0,13.0,2024-01-30 00:00:00,173309.48,2253023.3
5899.0,63.0,15.0,3.0,2021-05-07 00:00:00,100800.0,302400.0
5901.0,29.0,12.0,18.0,2024-06-16 00:00:00,80498.26,1448968.73
5902.0,67.0,6.0,3.0,2020-10-31 00:00:00,163016.3,489048.89
5905.0,40.0,1.0,8.0,2024-03-08 00:00:00,138419.75,1107357.98
5906.0,16.0,4.0,17.0,2024-03-08 00:00:00,123200.0,2094400.0
5911.0,64.0,1.0,3.0,2024-05-10 00:00:00,137192.11,411576.34
5917.0,19.0,4.0,9.0,2022-12-14 00:00:00,124422.29,1119800.65
5918.0,21.0,13.0,12.0,2023-07-30 00:00:00,187580.7,2250968.46
5919.0,6.0,4.0,21.0,2021-07-05 00:00:00,125102.49,2627152.36
5923.0,26.0,13.0,10.0,2020-01-11 00:00:00,193880.57,1938805.71
5924.0,90.0,20.0,4.0,2024-03-17 00:00:00,202864.8,811459.2
5925.0,13.0,12.0,5.0,2023-03-26 00:00:00,84276.99,421384.96
5927.0,20.0,16.0,14.0,2021-03-15 00:00:00,111159.49,1556232.85
5932.0,82.0,2.0,10.0,2023-07-06 00:00:00,180864.53,1808645.31
5933.0,50.0,3.0,9.0,2024-08-17 00:00:00,100997.33,908976.01
5935.0,67.0,8.0,11.0,2023-08-01 00:00:00,144325.79,1587583.68
5939.0,35.0,2.0,15.0,2023-10-15 00:00:00,162659.13,2439886.92
5943.0,3.0,18.0,15.0,2023-08-11 00:00:00,126213.94,1893209.14
5944.0,68.0,5.0,8.0,2024-03-11 00:00:00,80785.44,646283.5
5947.0,44.0,19.0,15.0,2021-06-07 00:00:00,85874.09,1288111.28
5948.0,5.0,7.0,10.41,2021-05-30 00:00:00,151200.0,1574117.2
5949.0,91.0,18.0,10.97,2023-08-01 00:00:00,136228.61,1495087.55
5955.0,14.0,6.0,5.0,2023-01-04 00:00:00,183971.06,919855.28
5957.0,62.0,15.0,18.0,2023-02-27 00:00:00,104270.73,1876873.2
5958.0,5.0,12.0,0.0,2022-03-24 00:00:00,87269.15,0.0
5959.0,90.0,1.0,14.0,2021-06-22 00:00:00,151771.23,2124797.24
5960.0,60.0,6.0,10.63,2021-02-13 00:00:00,179012.34,1902192.12
5964.0,62.0,20.0,9.0,2022-09-20 00:00:00,230434.03,2073906.26
5969.0,35.0,6.0,6.0,2021-09-13 00:00:00,166867.41,1001204.45
5970.0,25.0,19.0,0.0,2021-11-15 00:00:00,90763.32,0.0
5972.0,43.0,15.0,8.0,2022-06-09 00:00:00,103123.36,824986.9
5976.0,68.0,19.0,12.0,2024-07-02 00:00:00,102440.38,1229284.6
5978.0,87.0,7.0,15.0,2022-12-27 00:00:00,151200.0,2268000.0
5980.0,7.0,7.0,8.0,2022-01-07 00:00:00,143137.8,1145102.42
5982.0,59.0,8.0,16.0,2022-05-22 00:00:00,151200.0,2419200.0
5985.0,67.0,13.0,17.0,2023-07-11 00:00:00,202227.34,3437864.72
5991.0,48.0,7.0,7.0,2023-04-28 00:00:00,160977.04,1126839.25
5993.0,58.0,10.0,12.0,2022-11-14 00:00:00,87201.18,1046414.18
5995.0,15.0,2.0,13.0,2022-05-18 00:00:00,174395.85,2267146.06
5997.0,92.0,7.0,7.0,2024-09-07 00:00:00,152775.32,1069427.24
6004.0,27.0,4.0,8.0,2020-09-12 00:00:00,117935.1,943480.81
6008.0,41.0,17.0,14.0,2022-03-17 00:00:00,174898.07,2448572.95
6011.0,61.0,5.0,16.0,2022-02-15 00:00:00,85044.35,1360709.67
6012.0,78.0,7.0,15.0,2022-02-28 00:00:00,136944.36,2054165.38
6013.0,64.0,1.0,11.0,2020-11-12 00:00:00,129360.1,1422961.05
6014.0,3.0,16.0,5.0,2022-04-07 00:00:00,101499.56,507497.81
6018.0,24.0,4.0,17.0,2024-06-24 00:00:00,135168.18,2297859.14
6019.0,43.0,19.0,4.0,2022-11-01 00:00:00,90680.6,362722.39
6028.0,24.0,16.0,14.0,2020-11-26 00:00:00,101581.91,1422146.79
6030.0,17.0,7.0,11.0,2022-03-04 00:00:00,163563.87,1799202.59
6032.0,3.0,3.0,16.0,2023-04-06 00:00:00,100800.0,1612800.0
6036.0,35.0,10.0,16.0,2021-10-21 00:00:00,83638.29,1338212.66
6041.0,42.0,9.0,12.0,2023-05-06 00:00:00,112000.0,1344000.0
6042.0,12.0,6.0,1.0,2022-07-03 00:00:00,179079.84,179079.84
6043.0,26.0,11.0,18.0,2023-06-01 00:00:00,144840.95,2607137.02
6046.0,12.0,1.0,19.0,2021-05-12 00:00:00,140000.0,2660000.0
6048.0,86.0,9.0,17.0,2022-10-29 00:00:00,106965.28,1818409.84
6053.0,43.0,6.0,3.0,2024-01-11 00:00:00,175204.06,525612.18
6055.0,99.0,5.0,12.0,2024-04-18 00:00:00,81715.81,980589.68
6058.0,18.0,4.0,13.0,2022-05-31 00:00:00,128770.51,1674016.66
6060.0,40.0,14.0,7.0,2024-06-30 00:00:00,125934.4,881540.81
6065.0,97.0,10.0,19.0,2022-05-09 00:00:00,84001.87,1596035.61
6066.0,84.0,5.0,10.33,2023-06-18 00:00:00,86081.77,889148.41
6069.0,84.0,17.0,15.0,2021-06-04 00:00:00,179808.9,2697133.54
6070.0,76.0,1.0,9.89,2021-10-16 00:00:00,128126.52,1267651.81
6074.0,25.0,8.0,19.0,2022-02-18 00:00:00,156392.62,2971459.82
6075.0,70.0,20.0,17.0,2023-07-16 00:00:00,223403.24,3797855.09
6076.0,21.0,17.0,5.0,2023-01-06 00:00:00,152012.23,760061.15
6078.0,68.0,5.0,4.0,2021-03-15 00:00:00,80350.42,321401.69
6083.0,74.0,19.0,17.0,2023-01-30 00:00:00,99175.7,1685986.83
6084.0,76.0,14.0,10.57,2022-09-04 00:00:00,137907.34,1458267.69
6087.0,78.0,9.0,20.0,2024-05-01 00:00:00,122343.87,2446877.31
6088.0,55.0,9.0,19.0,2024-06-05 00:00:00,107485.86,2042231.43
6089.0,3.0,5.0,9.0,2023-02-25 00:00:00,78222.38,704001.41
6090.0,81.0,4.0,12.0,2024-09-04 00:00:00,123357.84,1480294.12
6092.0,22.0,1.0,19.0,2023-10-08 00:00:00,129854.78,2467240.9
6093.0,65.0,13.0,5.0,2024-05-05 00:00:00,212466.24,1062331.21
6094.0,49.0,7.0,3.0,2022-08-18 00:00:00,151200.0,453600.0
6095.0,67.0,12.0,10.4,2021-04-18 00:00:00,80335.97,835798.19
6096.0,71.0,2.0,4.0,2023-08-17 00:00:00,170648.02,682592.06
6097.0,98.0,14.0,12.0,2024-06-28 00:00:00,117675.4,1412104.84
6100.0,32.0,20.0,17.0,2021-06-11 00:00:00,206668.72,3513368.25
6101.0,31.0,11.0,11.0,2023-05-27 00:00:00,160939.06,1770329.62
6103.0,31.0,8.0,9.0,2021-11-14 00:00:00,152456.73,1372110.58
6108.0,87.0,17.0,0.0,2024-10-06 00:00:00,164018.33,0.0
6111.0,67.0,8.0,11.0,2022-08-06 00:00:00,164955.69,1814512.58
6112.0,4.0,6.0,18.0,2024-05-19 00:00:00,171756.59,3091618.55
6117.0,26.0,17.0,12.0,2021-10-29 00:00:00,171816.19,2061794.26
6123.0,73.0,9.0,8.0,2022-04-10 00:00:00,112061.67,896493.37
6124.0,89.0,13.0,3.0,2021-04-12 00:00:00,181328.17,543984.51
6127.0,3.0,18.0,3.0,2024-12-04 00:00:00,129373.17,388119.5
6128.0,9.0,20.0,7.0,2022-10-18 00:00:00,242702.71,1698918.98
6131.0,34.0,17.0,12.0,2024-02-07 00:00:00,172517.58,2070211.0
6132.0,34.0,11.0,16.0,2020-11-12 00:00:00,168979.87,2703677.96
6135.0,34.0,2.0,8.0,2021-12-31 00:00:00,168000.0,1344000.0
6137.0,78.0,14.0,8.0,2023-01-11 00:00:00,128800.0,1030400.0
6138.0,78.0,4.0,15.0,2023-02-10 00:00:00,115072.88,1726093.14
6139.0,79.0,19.0,9.0,2022-01-02 00:00:00,97280.83,875527.5
6140.0,79.0,2.0,9.0,2022-05-22 00:00:00,154673.65,1392062.84
6142.0,3.0,18.0,10.97,2023-04-26 00:00:00,134400.0,1475018.87
6143.0,44.0,20.0,21.0,2022-06-20 00:00:00,230248.68,4835222.31
6144.0,14.0,20.0,16.0,2023-08-05 00:00:00,213739.16,3419826.59
6146.0,49.0,3.0,10.05,2021-06-23 00:00:00,100800.0,1012938.33
6148.0,84.0,19.0,16.0,2022-10-06 00:00:00,103288.97,1652623.57
6154.0,60.0,4.0,6.0,2022-05-26 00:00:00,123200.0,739200.0
6155.0,4.0,15.0,11.0,2024-03-03 00:00:00,103015.59,1133171.46
6156.0,92.0,18.0,18.0,2022-05-02 00:00:00,128667.17,2316009.04
6157.0,64.0,18.0,15.0,2024-04-13 00:00:00,130399.57,1955993.48
6159.0,73.0,19.0,1.0,2024-02-22 00:00:00,88194.68,88194.68
6160.0,90.0,17.0,16.0,2023-01-03 00:00:00,155237.93,2483806.89
6162.0,39.0,16.0,1.0,2023-04-29 00:00:00,114073.55,114073.55
6163.0,29.0,20.0,15.0,2023-07-06 00:00:00,224000.0,3360000.0
6165.0,30.0,14.0,10.57,2024-04-08 00:00:00,134375.36,1420919.66
6170.0,30.0,13.0,18.0,2022-06-13 00:00:00,189605.74,3412903.33
6171.0,83.0,1.0,16.0,2023-07-11 00:00:00,135014.06,2160224.91
6174.0,6.0,6.0,9.0,2021-12-04 00:00:00,180209.36,1621884.23
6175.0,79.0,20.0,10.85,2021-03-30 00:00:00,216870.16,2352712.68
6179.0,15.0,11.0,19.0,2023-02-06 00:00:00,156737.39,2978010.48
6181.0,52.0,9.0,8.0,2022-04-15 00:00:00,116448.96,931591.66
6187.0,98.0,20.0,4.0,2023-05-19 00:00:00,245476.79,981907.14
6188.0,6.0,11.0,15.0,2021-03-14 00:00:00,151578.88,2273683.18
6190.0,92.0,6.0,3.0,2023-11-08 00:00:00,179200.0,537600.0
6191.0,19.0,14.0,3.0,2022-12-19 00:00:00,132807.99,398423.98
6192.0,100.0,12.0,14.0,2023-03-10 00:00:00,84943.79,1189213.09
6195.0,26.0,17.0,15.0,2021-01-07 00:00:00,170606.97,2559104.62
6197.0,66.0,9.0,6.0,2022-05-28 00:00:00,107151.09,642906.52
6199.0,66.0,17.0,6.0,2023-12-02 00:00:00,184271.26,1105627.53
6200.0,95.0,12.0,11.0,2021-11-10 00:00:00,84088.84,924977.22
6203.0,38.0,13.0,15.0,2023-06-21 00:00:00,193959.63,2909394.4
6205.0,27.0,19.0,1.0,2021-07-26 00:00:00,89278.12,89278.12
6209.0,8.0,8.0,7.0,2021-06-04 00:00:00,149916.94,1049418.57
6211.0,91.0,5.0,14.0,2022-11-21 00:00:00,90596.69,1268353.72
6215.0,42.0,4.0,10.0,2023-08-22 00:00:00,129794.46,1297944.58
6217.0,79.0,19.0,15.0,2022-05-21 00:00:00,95200.0,1428000.0
6218.0,92.0,3.0,17.0,2022-08-22 00:00:00,102661.42,1745244.14
6219.0,98.0,8.0,9.0,2023-07-29 00:00:00,142858.74,1285728.63
6221.0,82.0,8.0,11.0,2022-06-05 00:00:00,147171.88,1618890.7
6223.0,22.0,4.0,11.0,2024-06-13 00:00:00,121147.02,1332617.19
6225.0,11.0,1.0,13.0,2021-03-28 00:00:00,150040.06,1950520.83
6226.0,80.0,1.0,19.0,2021-11-14 00:00:00,139337.03,2647403.5
6228.0,69.0,13.0,8.0,2024-04-25 00:00:00,192117.86,1536942.87
6234.0,64.0,13.0,10.73,2023-05-07 00:00:00,192834.42,2069013.7
6241.0,59.0,16.0,18.0,2021-12-14 00:00:00,115675.63,2082161.34
6243.0,90.0,9.0,11.0,2024-05-27 00:00:00,104718.22,1151900.42
6244.0,18.0,18.0,2.0,2022-04-02 00:00:00,138411.54,276823.07
6245.0,78.0,3.0,3.0,2023-05-26 00:00:00,106297.22,318891.66
6246.0,51.0,17.0,12.0,2022-10-30 00:00:00,169689.1,2036269.19
6249.0,57.0,19.0,9.0,2020-12-17 00:00:00,95200.0,856800.0
6250.0,5.0,8.0,17.0,2023-06-08 00:00:00,145217.35,2468694.89
6251.0,80.0,18.0,12.0,2024-02-08 00:00:00,134400.0,1612800.0
6257.0,79.0,14.0,20.0,2024-08-07 00:00:00,137797.15,2755942.92
6258.0,60.0,15.0,7.0,2023-07-20 00:00:00,94601.92,662213.45
6263.0,89.0,12.0,12.0,2024-09-09 00:00:00,90559.79,1086717.48
6264.0,2.0,20.0,3.0,2022-05-31 00:00:00,235030.11,705090.32
6266.0,28.0,12.0,18.0,2023-05-24 00:00:00,84000.0,1512000.0
6270.0,74.0,17.0,12.0,2022-07-09 00:00:00,153770.01,1845240.14
6273.0,16.0,8.0,10.56,2022-06-08 00:00:00,155616.24,1643483.09
6276.0,91.0,14.0,12.0,2022-06-24 00:00:00,133148.51,1597782.11
6278.0,58.0,16.0,6.0,2024-04-08 00:00:00,113544.72,681268.32
6279.0,20.0,15.0,19.0,2021-03-04 00:00:00,91025.41,1729482.77
6280.0,43.0,13.0,16.0,2023-12-23 00:00:00,185661.6,2970585.53
6282.0,6.0,7.0,18.0,2021-05-20 00:00:00,141196.15,2541530.77
6283.0,68.0,19.0,10.3,2021-05-07 00:00:00,87653.45,902467.45
6284.0,59.0,16.0,13.0,2023-09-04 00:00:00,115475.42,1501180.45
6285.0,86.0,4.0,14.0,2022-05-30 00:00:00,135189.11,1892647.48
6286.0,32.0,19.0,5.0,2024-06-02 00:00:00,92626.09,463130.43
6287.0,53.0,20.0,10.85,2024-08-31 00:00:00,205390.84,2228179.36
6289.0,54.0,1.0,18.0,2024-03-05 00:00:00,136010.49,2448188.77
6291.0,5.0,10.0,2.0,2022-08-14 00:00:00,81858.59,163717.18
6292.0,18.0,5.0,5.0,2022-02-08 00:00:00,81101.26,405506.32
6293.0,97.0,9.0,19.0,2024-09-04 00:00:00,105256.3,1999869.75
6294.0,99.0,9.0,10.46,2024-07-26 00:00:00,121804.19,1273776.57
6295.0,16.0,2.0,8.0,2021-10-15 00:00:00,152446.55,1219572.44
6298.0,4.0,3.0,4.0,2023-12-02 00:00:00,108087.41,432349.65
6300.0,44.0,10.0,18.0,2021-09-30 00:00:00,84055.8,1513004.39
6302.0,50.0,19.0,5.0,2021-02-08 00:00:00,91598.92,457994.62
6306.0,39.0,10.0,1.0,2022-08-19 00:00:00,90466.48,90466.48
6307.0,24.0,7.0,16.0,2022-04-16 00:00:00,160319.21,2565107.3
6308.0,30.0,6.0,9.0,2021-11-21 00:00:00,189914.82,1709233.39
6309.0,94.0,3.0,17.0,2023-02-20 00:00:00,97751.44,1661774.47
6313.0,2.0,13.0,11.0,2023-01-09 00:00:00,196855.11,2165406.22
6314.0,61.0,5.0,7.0,2023-01-14 00:00:00,80707.6,564953.19
6319.0,98.0,10.0,3.0,2022-12-08 00:00:00,87706.83,263120.49
6320.0,17.0,2.0,7.0,2022-05-21 00:00:00,157291.57,1101041.0
6321.0,12.0,19.0,17.0,2022-04-03 00:00:00,96450.4,1639656.85
6324.0,68.0,17.0,10.97,2021-07-23 00:00:00,165646.43,1817091.18
6326.0,91.0,10.0,13.0,2021-10-18 00:00:00,98073.42,1274954.48
6329.0,99.0,18.0,3.0,2021-07-15 00:00:00,134400.0,403200.0
6334.0,62.0,16.0,16.0,2023-12-24 00:00:00,100113.12,1601809.98
6335.0,58.0,6.0,4.0,2023-08-13 00:00:00,170431.94,681727.75
6336.0,73.0,15.0,14.0,2021-09-05 00:00:00,100800.0,1411200.0
6337.0,79.0,17.0,10.97,2024-05-10 00:00:00,154687.17,1696871.36
6341.0,1.0,9.0,13.0,2021-05-11 00:00:00,108632.77,1412226.04
6343.0,64.0,14.0,7.0,2023-04-06 00:00:00,123992.17,867945.18
6344.0,50.0,13.0,10.73,2023-01-14 00:00:00,187575.99,2012593.47
6346.0,38.0,20.0,10.85,2023-04-23 00:00:00,224000.0,2430060.61
6348.0,13.0,10.0,10.42,2022-10-29 00:00:00,81616.54,850704.54
6349.0,48.0,20.0,11.0,2021-02-04 00:00:00,246198.01,2708178.12
6351.0,66.0,12.0,7.0,2024-10-25 00:00:00,75731.86,530123.04
6353.0,52.0,12.0,9.0,2024-05-20 00:00:00,82057.87,738520.83
6354.0,40.0,14.0,8.0,2021-04-21 00:00:00,139036.75,1112294.01
6355.0,67.0,10.0,11.0,2023-04-17 00:00:00,90742.2,998164.25
6358.0,23.0,18.0,6.0,2023-07-12 00:00:00,133573.91,801443.45
6359.0,29.0,9.0,1.0,2022-09-09 00:00:00,103618.46,103618.46
6362.0,61.0,6.0,13.0,2021-05-20 00:00:00,177951.26,2313366.43
6366.0,23.0,19.0,12.0,2022-11-21 00:00:00,98827.94,1185935.3
6368.0,93.0,8.0,10.56,2022-11-08 00:00:00,145183.25,1533298.95
6369.0,49.0,19.0,3.0,2023-04-28 00:00:00,100283.2,300849.6
6371.0,61.0,7.0,19.0,2023-10-16 00:00:00,144665.6,2748646.34
6372.0,4.0,11.0,17.0,2023-12-13 00:00:00,162745.87,2766679.77
6373.0,33.0,14.0,9.0,2022-09-05 00:00:00,117087.17,1053784.51
6374.0,40.0,1.0,5.0,2021-10-27 00:00:00,139744.1,698720.49
6375.0,96.0,4.0,16.0,2024-06-16 00:00:00,134510.04,2152160.68
6379.0,63.0,9.0,15.0,2021-11-14 00:00:00,112603.94,1689059.11
6384.0,49.0,10.0,6.0,2022-11-02 00:00:00,93627.91,561767.43
6387.0,53.0,12.0,8.0,2024-08-08 00:00:00,86308.33,690466.66
6390.0,39.0,5.0,6.0,2024-12-10 00:00:00,84000.0,504000.0
6391.0,44.0,4.0,19.0,2024-07-03 00:00:00,116789.88,2219007.81
6392.0,31.0,9.0,13.0,2021-12-11 00:00:00,115775.06,1505075.83
6395.0,24.0,16.0,11.0,2023-11-13 00:00:00,97852.3,1076375.3
6397.0,96.0,14.0,12.0,2021-02-14 00:00:00,128800.0,1545600.0
6398.0,57.0,9.0,11.0,2023-11-10 00:00:00,114630.43,1260934.72
6399.0,100.0,20.0,21.0,2021-07-16 00:00:00,204509.59,4294701.29
6401.0,81.0,4.0,6.0,2021-05-05 00:00:00,131754.84,790529.02
6402.0,36.0,12.0,5.0,2021-07-05 00:00:00,90898.64,454493.21
6406.0,98.0,1.0,5.0,2024-03-17 00:00:00,138868.54,694342.71
6408.0,64.0,9.0,11.0,2023-06-03 00:00:00,112000.0,1232000.0
6410.0,68.0,5.0,20.0,2021-10-25 00:00:00,89881.16,1797623.22
6411.0,53.0,17.0,10.97,2023-05-08 00:00:00,168000.0,1842909.09
6418.0,14.0,9.0,5.0,2023-04-04 00:00:00,111004.45,555022.25
6421.0,80.0,1.0,16.0,2023-04-04 00:00:00,144015.9,2304254.33
6422.0,83.0,5.0,8.0,2023-07-02 00:00:00,84000.0,672000.0
6423.0,41.0,2.0,14.0,2022-10-06 00:00:00,164075.43,2297056.08
6428.0,85.0,1.0,11.0,2023-08-02 00:00:00,133803.64,1471839.99
6429.0,91.0,15.0,9.97,2023-04-09 00:00:00,93597.42,933550.98
6430.0,16.0,18.0,19.0,2024-02-07 00:00:00,139772.0,2655668.06
6434.0,12.0,15.0,14.0,2022-01-28 00:00:00,106119.09,1485667.23
6436.0,68.0,9.0,6.0,2022-10-06 00:00:00,111666.43,669998.58
6438.0,11.0,3.0,3.0,2023-12-11 00:00:00,109536.49,328609.48
6439.0,91.0,17.0,10.0,2021-05-27 00:00:00,168000.0,1680000.0
6444.0,93.0,16.0,16.0,2021-08-02 00:00:00,108968.64,1743498.22
6447.0,56.0,18.0,9.0,2021-05-05 00:00:00,141750.11,1275750.96
6450.0,19.0,4.0,8.0,2021-05-27 00:00:00,119811.16,958489.25
6452.0,49.0,7.0,10.41,2024-05-09 00:00:00,137552.92,1432039.83
6458.0,89.0,6.0,7.0,2024-02-26 00:00:00,171068.22,1197477.55
6459.0,63.0,7.0,20.0,2023-12-31 00:00:00,151200.0,3024000.0
6460.0,66.0,6.0,6.0,2023-08-10 00:00:00,182012.36,1092074.17
6464.0,92.0,20.0,2.0,2022-02-14 00:00:00,208010.68,416021.35
6465.0,35.0,16.0,15.0,2020-12-13 00:00:00,99639.6,1494593.98
6466.0,43.0,10.0,14.0,2021-07-21 00:00:00,91678.19,1283494.6
6467.0,95.0,17.0,19.0,2024-05-26 00:00:00,165171.4,3138256.55
6470.0,79.0,3.0,10.05,2021-12-30 00:00:00,98716.75,992003.76
6472.0,47.0,19.0,20.0,2023-07-03 00:00:00,88191.7,1763834.09
6474.0,43.0,2.0,12.0,2021-12-31 00:00:00,162624.27,1951491.27
6476.0,76.0,6.0,9.0,2022-09-29 00:00:00,170067.78,1530609.98
6477.0,25.0,9.0,6.0,2022-06-10 00:00:00,107957.51,647745.05
6479.0,78.0,15.0,18.0,2023-08-02 00:00:00,106983.29,1925699.28
6484.0,97.0,5.0,6.0,2022-10-09 00:00:00,81292.11,487752.67
6485.0,65.0,10.0,13.0,2024-07-21 00:00:00,85769.77,1115006.98
6487.0,5.0,4.0,12.0,2023-07-11 00:00:00,122764.7,1473176.35
6493.0,94.0,10.0,11.0,2022-08-23 00:00:00,82307.55,905383.09
6496.0,92.0,10.0,16.0,2020-02-11 00:00:00,89776.01,1436416.2
6497.0,85.0,2.0,13.0,2021-11-08 00:00:00,165570.22,2152412.81
6500.0,100.0,12.0,2.0,2021-05-03 00:00:00,83509.22,167018.45
6501.0,73.0,16.0,15.0,2022-03-31 00:00:00,107487.72,1612315.79
6502.0,72.0,6.0,11.0,2021-10-15 00:00:00,169184.84,1861033.28
6504.0,98.0,10.0,2.0,2023-06-13 00:00:00,82961.63,165923.26
6508.0,2.0,1.0,9.89,2023-03-06 00:00:00,140000.0,1385125.0
6514.0,69.0,14.0,10.57,2021-12-20 00:00:00,119595.15,1264629.87
6515.0,8.0,2.0,1.0,2024-06-18 00:00:00,168000.0,168000.0
6517.0,85.0,20.0,2.0,2022-03-30 00:00:00,218963.0,437926.0
6519.0,22.0,7.0,1.0,2022-11-09 00:00:00,163592.85,163592.85
6520.0,25.0,9.0,4.0,2024-07-11 00:00:00,121263.63,485054.5
6522.0,17.0,16.0,2.0,2020-12-28 00:00:00,106796.59,213593.17
6524.0,63.0,8.0,8.0,2022-02-04 00:00:00,155570.01,1244560.11
6526.0,100.0,1.0,5.0,2022-01-02 00:00:00,146952.51,734762.55
6529.0,11.0,14.0,6.0,2024-08-21 00:00:00,132936.71,797620.27
6531.0,71.0,19.0,10.3,2024-03-23 00:00:00,102557.87,1055921.29
6533.0,100.0,1.0,12.0,2023-06-03 00:00:00,148532.32,1782387.9
6538.0,63.0,7.0,7.0,2021-06-09 00:00:00,151200.0,1058400.0
6542.0,98.0,7.0,14.0,2024-08-22 00:00:00,163656.28,2291187.88
6543.0,91.0,12.0,10.4,2024-07-01 00:00:00,84000.0,873917.98
6545.0,27.0,12.0,10.4,2022-01-29 00:00:00,77285.53,804062.05
6547.0,15.0,18.0,12.0,2023-01-01 00:00:00,147460.66,1769527.95
6550.0,4.0,20.0,13.0,2024-05-09 00:00:00,208317.65,2708129.45
6551.0,90.0,12.0,10.0,2021-11-08 00:00:00,89289.63,892896.34
6556.0,53.0,8.0,18.0,2024-01-28 00:00:00,151200.0,2721600.0
6558.0,12.0,13.0,20.0,2022-03-16 00:00:00,180891.94,3617838.89
6559.0,13.0,20.0,8.0,2022-09-15 00:00:00,210966.71,1687733.7
6560.0,73.0,20.0,0.0,2024-08-29 00:00:00,245633.47,0.0
6561.0,81.0,5.0,2.0,2024-06-29 00:00:00,87244.07,174488.14
6564.0,95.0,6.0,10.63,2021-10-29 00:00:00,180008.13,1912773.33
6565.0,30.0,11.0,10.0,2024-02-26 00:00:00,154860.15,1548601.49
6569.0,92.0,4.0,9.0,2022-05-06 00:00:00,129827.02,1168443.2
6570.0,56.0,15.0,12.0,2022-11-24 00:00:00,100800.0,1209600.0
6572.0,61.0,18.0,8.0,2022-12-24 00:00:00,138152.21,1105217.69
6573.0,54.0,3.0,4.0,2022-06-09 00:00:00,91789.07,367156.26
6577.0,5.0,16.0,8.0,2022-11-22 00:00:00,115914.13,927313.02
6578.0,100.0,7.0,10.41,2022-05-07 00:00:00,150626.03,1568141.66
6580.0,34.0,12.0,14.0,2022-12-15 00:00:00,76924.24,1076939.32
6589.0,69.0,5.0,13.0,2023-07-07 00:00:00,80787.46,1050236.96
6590.0,68.0,18.0,13.0,2024-01-11 00:00:00,134400.0,1747200.0
6593.0,46.0,13.0,10.73,2024-03-02 00:00:00,205762.01,2207720.08
6594.0,61.0,3.0,4.0,2023-11-23 00:00:00,105830.99,423323.96
6598.0,84.0,17.0,13.0,2022-10-09 00:00:00,163466.99,2125070.82
6600.0,83.0,17.0,10.97,2020-12-01 00:00:00,155384.78,1704523.97
6603.0,55.0,7.0,3.0,2023-03-11 00:00:00,142840.61,428521.84
6604.0,76.0,18.0,10.97,2022-10-08 00:00:00,132211.97,1451005.63
6605.0,67.0,12.0,10.4,2023-12-02 00:00:00,84000.0,873917.98
6607.0,2.0,12.0,0.0,2023-05-04 00:00:00,79705.21,0.0
6609.0,17.0,7.0,19.0,2021-03-07 00:00:00,139891.77,2657943.54
6611.0,8.0,15.0,2.0,2022-04-13 00:00:00,106887.04,213774.09
6613.0,73.0,12.0,10.0,2024-10-08 00:00:00,75807.5,758074.96
6614.0,82.0,18.0,2.0,2024-06-08 00:00:00,130591.95,261183.9
6616.0,89.0,5.0,4.0,2022-12-27 00:00:00,88589.76,354359.02
6617.0,10.0,10.0,7.0,2021-01-07 00:00:00,91072.96,637510.7
6618.0,80.0,13.0,7.0,2023-12-21 00:00:00,178549.57,1249847.0
6623.0,49.0,17.0,10.97,2023-10-03 00:00:00,157930.31,1732447.6
6625.0,77.0,3.0,10.05,2023-06-18 00:00:00,96856.38,973308.9
6627.0,37.0,8.0,14.0,2022-12-01 00:00:00,147909.43,2070731.97
6628.0,94.0,6.0,10.63,2023-04-09 00:00:00,186369.37,1980368.18
6632.0,23.0,14.0,8.0,2022-06-29 00:00:00,127644.1,1021152.79
6633.0,68.0,2.0,3.0,2024-02-27 00:00:00,168023.9,504071.71
6636.0,74.0,17.0,18.0,2023-10-14 00:00:00,152715.62,2748881.12
6637.0,86.0,18.0,16.0,2022-06-25 00:00:00,135688.47,2171015.47
6638.0,43.0,16.0,17.0,2021-10-19 00:00:00,97806.34,1662707.81
6639.0,83.0,6.0,13.0,2023-03-05 00:00:00,181533.93,2359941.15
6640.0,59.0,5.0,1.0,2022-01-18 00:00:00,77011.97,77011.97
6641.0,17.0,19.0,21.0,2022-04-26 00:00:00,95200.0,1999200.0
6645.0,35.0,4.0,6.0,2021-06-05 00:00:00,111736.68,670420.1
6646.0,49.0,2.0,8.0,2023-12-18 00:00:00,181050.76,1448406.08
6649.0,78.0,13.0,21.0,2022-08-24 00:00:00,190743.42,4005611.74
6650.0,87.0,8.0,18.0,2022-06-25 00:00:00,159774.17,2875935.1
6651.0,78.0,4.0,11.0,2021-05-22 00:00:00,123493.74,1358431.16
6652.0,23.0,4.0,10.76,2021-07-10 00:00:00,129030.79,1387826.25
6653.0,51.0,7.0,4.0,2023-04-02 00:00:00,148511.04,594044.16
6654.0,7.0,4.0,14.0,2022-07-05 00:00:00,114794.94,1607129.19
6655.0,6.0,12.0,10.4,2022-02-05 00:00:00,89536.1,931514.34
6658.0,33.0,2.0,10.0,2023-12-21 00:00:00,167876.0,1678760.0
6663.0,53.0,4.0,11.0,2022-06-24 00:00:00,117530.11,1292831.18
6665.0,45.0,16.0,11.0,2023-09-04 00:00:00,100507.54,1105582.95
6667.0,46.0,20.0,7.0,2021-05-14 00:00:00,204984.1,1434888.69
6668.0,27.0,2.0,13.0,2021-06-03 00:00:00,168000.0,2184000.0
6670.0,71.0,1.0,16.0,2022-07-03 00:00:00,129044.23,2064707.71
6671.0,70.0,7.0,19.0,2021-10-23 00:00:00,158898.94,3019079.88
6674.0,70.0,15.0,19.0,2022-12-01 00:00:00,99101.39,1882926.49
6676.0,46.0,12.0,8.0,2024-02-26 00:00:00,89571.62,716572.92
6681.0,50.0,9.0,15.0,2022-08-22 00:00:00,120293.11,1804396.71
6683.0,13.0,8.0,5.0,2020-12-28 00:00:00,151200.0,756000.0
6686.0,28.0,2.0,10.0,2024-01-28 00:00:00,179082.21,1790822.14
6692.0,6.0,3.0,4.0,2024-04-29 00:00:00,92891.32,371565.29
6695.0,34.0,5.0,3.0,2023-12-01 00:00:00,78807.6,236422.81
6701.0,89.0,15.0,21.0,2023-10-26 00:00:00,108341.61,2275173.9
6703.0,14.0,11.0,8.0,2022-06-29 00:00:00,171850.0,1374799.97
6717.0,39.0,19.0,13.0,2021-06-04 00:00:00,98600.74,1281809.6
6724.0,10.0,20.0,7.0,2021-03-01 00:00:00,229744.43,1608210.98
6726.0,57.0,12.0,12.0,2022-01-30 00:00:00,85716.57,1028598.89
6732.0,64.0,4.0,5.0,2024-01-13 00:00:00,119585.93,597929.65
6734.0,56.0,14.0,18.0,2021-12-02 00:00:00,116988.42,2105791.57
6746.0,70.0,17.0,13.0,2022-01-03 00:00:00,178581.75,2321562.75
6747.0,62.0,14.0,17.0,2022-04-12 00:00:00,133831.8,2275140.67
6752.0,81.0,6.0,4.0,2024-05-04 00:00:00,166164.87,664659.49
6761.0,60.0,16.0,10.0,2021-02-23 00:00:00,99029.95,990299.46
6762.0,94.0,18.0,14.0,2020-12-12 00:00:00,124752.12,1746529.69
6766.0,30.0,2.0,2.0,2023-06-27 00:00:00,170511.54,341023.09
6767.0,2.0,8.0,6.0,2023-05-14 00:00:00,139379.89,836279.31
6768.0,94.0,11.0,8.0,2023-09-06 00:00:00,165884.88,1327079.03
6770.0,35.0,14.0,8.0,2024-04-14 00:00:00,139476.99,1115815.94
6771.0,40.0,20.0,6.0,2022-03-04 00:00:00,240730.96,1444385.78
6775.0,21.0,18.0,12.0,2024-02-23 00:00:00,142672.89,1712074.64
6782.0,12.0,8.0,21.0,2024-10-07 00:00:00,150252.17,3155295.62
6783.0,52.0,8.0,19.0,2023-01-10 00:00:00,163114.53,3099176.03
6785.0,66.0,9.0,10.46,2024-01-17 00:00:00,112000.0,1171248.48
6793.0,44.0,19.0,8.0,2022-06-20 00:00:00,90405.38,723243.06
6795.0,64.0,5.0,10.0,2021-05-06 00:00:00,83079.15,830791.5
6799.0,66.0,10.0,4.0,2022-02-01 00:00:00,89787.58,359150.34
6803.0,57.0,5.0,10.33,2024-10-15 00:00:00,79937.81,825686.73
6807.0,79.0,11.0,18.0,2024-10-07 00:00:00,146476.78,2636582.06
6808.0,43.0,12.0,3.0,2022-08-02 00:00:00,81809.99,245429.97
6810.0,45.0,9.0,5.0,2022-11-08 00:00:00,117203.83,586019.16
6812.0,52.0,2.0,9.0,2021-10-11 00:00:00,153962.92,1385666.28
6817.0,25.0,12.0,14.0,2022-03-12 00:00:00,84000.0,1176000.0
6818.0,75.0,20.0,15.0,2024-01-26 00:00:00,237469.71,3562045.67
6823.0,1.0,2.0,4.0,2021-03-02 00:00:00,174868.84,699475.36
6824.0,2.0,9.0,2.0,2021-09-22 00:00:00,108115.45,216230.9
6826.0,67.0,10.0,2.0,2023-08-27 00:00:00,97672.35,195344.7
6832.0,68.0,19.0,19.0,2021-02-07 00:00:00,98903.94,1879174.94
6836.0,78.0,3.0,4.0,2023-12-21 00:00:00,104203.14,416812.56
6840.0,33.0,13.0,5.0,2021-09-07 00:00:00,190390.82,951954.11
6844.0,69.0,11.0,16.0,2020-11-15 00:00:00,149942.48,2399079.73
6845.0,19.0,12.0,18.0,2022-09-04 00:00:00,80087.09,1441567.63
6847.0,49.0,4.0,10.0,2021-09-11 00:00:00,111479.28,1114792.81
6849.0,13.0,13.0,5.0,2024-07-07 00:00:00,194466.95,972334.75
6850.0,72.0,13.0,4.0,2022-11-17 00:00:00,214744.98,858979.93
6851.0,86.0,11.0,18.0,2023-02-18 00:00:00,161066.45,2899196.07
6852.0,96.0,15.0,20.0,2021-03-01 00:00:00,110845.3,2216905.91
6854.0,71.0,11.0,6.0,2022-06-06 00:00:00,163676.93,982061.61
6855.0,23.0,11.0,11.0,2024-10-08 00:00:00,156800.0,1724800.0
6860.0,60.0,2.0,1.0,2021-09-04 00:00:00,166884.7,166884.7
6861.0,63.0,10.0,19.0,2023-06-24 00:00:00,89637.34,1703109.43
6862.0,10.0,16.0,4.0,2023-10-20 00:00:00,112674.61,450698.43
6867.0,85.0,18.0,10.97,2022-04-11 00:00:00,134747.59,1478833.59
6869.0,32.0,6.0,12.0,2020-11-05 00:00:00,172315.78,2067789.3
6872.0,34.0,12.0,20.0,2023-06-25 00:00:00,84937.53,1698750.63
6875.0,73.0,11.0,7.0,2022-03-22 00:00:00,154034.97,1078244.82
6876.0,36.0,14.0,12.0,2023-12-03 00:00:00,116264.02,1395168.2
6880.0,73.0,3.0,13.0,2023-08-10 00:00:00,104787.09,1362232.16
6881.0,72.0,14.0,7.0,2022-11-11 00:00:00,140958.47,986709.26
6884.0,43.0,16.0,17.0,2022-12-21 00:00:00,96546.81,1641295.74
6886.0,91.0,6.0,4.0,2021-01-31 00:00:00,192784.66,771138.63
6888.0,60.0,19.0,11.0,2022-09-30 00:00:00,102235.26,1124587.81
6889.0,12.0,17.0,15.0,2023-03-27 00:00:00,162729.07,2440936.06
6891.0,44.0,2.0,20.0,2022-04-14 00:00:00,183584.8,3671696.02
6894.0,93.0,1.0,15.0,2022-05-16 00:00:00,135991.51,2039872.66
6896.0,41.0,20.0,10.0,2022-12-19 00:00:00,231194.27,2311942.72
6899.0,9.0,12.0,10.4,2022-09-13 00:00:00,77354.04,804774.85
6901.0,27.0,16.0,3.0,2022-09-04 00:00:00,102628.37,307885.11
6902.0,74.0,3.0,16.0,2021-03-27 00:00:00,99315.77,1589052.38
6904.0,37.0,15.0,14.0,2023-08-08 00:00:00,96084.42,1345181.86
6905.0,98.0,9.0,13.0,2023-06-30 00:00:00,121101.19,1574315.47
6908.0,27.0,13.0,19.0,2022-03-01 00:00:00,201099.45,3820889.64
6910.0,49.0,2.0,15.0,2022-03-28 00:00:00,181398.96,2720984.44
6914.0,39.0,3.0,18.0,2021-08-04 00:00:00,100800.0,1814400.0
6915.0,88.0,2.0,10.58,2021-04-16 00:00:00,157823.23,1669376.45
6919.0,59.0,2.0,10.58,2021-12-11 00:00:00,168042.08,1777466.39
6924.0,48.0,5.0,10.33,2021-11-19 00:00:00,86281.42,891210.63
6925.0,86.0,5.0,19.0,2021-10-06 00:00:00,78720.41,1495687.71
6926.0,21.0,5.0,21.0,2021-04-22 00:00:00,89797.65,1885750.61
6932.0,18.0,10.0,13.0,2024-07-05 00:00:00,87799.53,1141393.84
6936.0,62.0,11.0,14.0,2023-01-22 00:00:00,147639.7,2066955.78
6937.0,46.0,10.0,8.0,2024-07-28 00:00:00,84153.19,673225.55
6940.0,25.0,3.0,21.0,2021-09-11 00:00:00,101373.91,2128852.2
6943.0,2.0,10.0,14.0,2023-03-20 00:00:00,89600.0,1254400.0
6944.0,46.0,4.0,20.0,2023-08-31 00:00:00,124289.81,2485796.24
6945.0,52.0,12.0,2.0,2021-06-07 00:00:00,89385.5,178771.0
6948.0,80.0,7.0,6.0,2021-09-12 00:00:00,160540.97,963245.85
6949.0,26.0,20.0,21.0,2022-03-08 00:00:00,214751.05,4509771.96
6950.0,78.0,7.0,19.0,2022-03-28 00:00:00,149019.36,2831367.92
6951.0,8.0,17.0,4.0,2021-09-12 00:00:00,172854.83,691419.33
6953.0,91.0,12.0,10.4,2023-01-07 00:00:00,77335.58,804582.76
6954.0,96.0,20.0,12.0,2022-08-03 00:00:00,209183.16,2510197.89
6957.0,27.0,20.0,4.0,2021-11-04 00:00:00,224000.0,896000.0
6960.0,92.0,20.0,10.85,2022-04-17 00:00:00,227649.72,2469654.56
6963.0,12.0,6.0,13.0,2022-06-23 00:00:00,183218.57,2381841.36
6964.0,24.0,5.0,18.0,2021-04-08 00:00:00,79238.63,1426295.31
6966.0,12.0,14.0,9.0,2024-03-11 00:00:00,139503.41,1255530.73
6969.0,34.0,1.0,14.0,2022-05-06 00:00:00,134109.13,1877527.86
6975.0,69.0,7.0,17.0,2023-08-01 00:00:00,151200.0,2570400.0
6979.0,52.0,11.0,7.0,2023-08-03 00:00:00,164506.37,1151544.59
6980.0,51.0,5.0,11.0,2021-06-06 00:00:00,77634.93,853984.28
6981.0,86.0,12.0,2.0,2023-01-07 00:00:00,76422.98,152845.97
6982.0,60.0,12.0,10.4,2023-10-19 00:00:00,76293.64,793742.64
6983.0,17.0,20.0,6.0,2024-05-29 00:00:00,234733.39,1408400.32
6988.0,24.0,10.0,3.0,2023-04-25 00:00:00,89600.0,268800.0
6994.0,28.0,3.0,18.0,2023-07-22 00:00:00,93077.4,1675393.22
6995.0,39.0,8.0,9.0,2021-08-01 00:00:00,149735.38,1347618.39
6998.0,80.0,17.0,14.0,2021-08-16 00:00:00,160784.17,2250978.43
6999.0,91.0,18.0,5.0,2022-10-22 00:00:00,129968.86,649844.3
7005.0,50.0,8.0,14.0,2023-05-23 00:00:00,138905.02,1944670.33
7012.0,67.0,20.0,8.0,2021-08-07 00:00:00,203639.5,1629115.98
7017.0,36.0,10.0,4.0,2022-09-10 00:00:00,87784.71,351138.85
7018.0,40.0,17.0,10.0,2021-02-18 00:00:00,154215.74,1542157.45
7019.0,71.0,16.0,6.0,2024-06-10 00:00:00,97079.52,582477.14
7021.0,47.0,9.0,21.0,2022-03-19 00:00:00,112898.27,2370863.64
7022.0,59.0,11.0,11.06,2024-06-14 00:00:00,156800.0,1734316.76
7023.0,78.0,11.0,7.0,2024-06-12 00:00:00,152925.89,1070481.25
7024.0,98.0,5.0,10.33,2022-05-11 00:00:00,84000.0,867645.57
7026.0,76.0,11.0,13.0,2022-09-11 00:00:00,146020.09,1898261.16
7027.0,57.0,16.0,18.0,2023-01-08 00:00:00,106400.0,1915200.0
7029.0,47.0,3.0,11.0,2023-03-07 00:00:00,106363.34,1169996.69
7036.0,95.0,14.0,9.0,2023-06-26 00:00:00,140266.69,1262400.2
7037.0,93.0,20.0,15.0,2021-01-02 00:00:00,225217.1,3378256.51
7038.0,89.0,9.0,7.0,2024-03-21 00:00:00,104436.53,731055.7
7041.0,80.0,17.0,14.0,2024-03-29 00:00:00,173947.39,2435263.49
7042.0,18.0,19.0,0.0,2022-04-12 00:00:00,100839.26,0.0
7043.0,57.0,6.0,3.0,2024-05-20 00:00:00,179200.0,537600.0
7046.0,79.0,20.0,9.0,2022-08-04 00:00:00,243494.25,2191448.24
7048.0,45.0,6.0,2.0,2021-09-01 00:00:00,186580.11,373160.21
7050.0,97.0,13.0,9.0,2021-05-16 00:00:00,196000.0,1764000.0
7057.0,20.0,9.0,7.0,2023-09-25 00:00:00,116413.99,814897.94
7061.0,23.0,20.0,2.0,2022-05-10 00:00:00,235705.18,471410.36
7062.0,100.0,9.0,14.0,2024-01-13 00:00:00,105889.14,1482447.94
7068.0,86.0,9.0,7.0,2023-12-29 00:00:00,103158.58,722110.06
7071.0,5.0,13.0,11.0,2022-08-23 00:00:00,198993.58,2188929.39
7073.0,61.0,13.0,4.0,2024-03-20 00:00:00,191331.59,765326.35
7074.0,20.0,13.0,10.73,2023-05-31 00:00:00,194902.73,2091205.61
7075.0,99.0,13.0,9.0,2024-12-08 00:00:00,180416.36,1623747.21
7076.0,79.0,17.0,10.97,2024-05-22 00:00:00,172282.96,1889891.84
7077.0,77.0,6.0,18.0,2023-05-30 00:00:00,190601.82,3430832.7
7078.0,33.0,19.0,8.0,2023-04-19 00:00:00,95779.28,766234.24
7079.0,36.0,13.0,10.73,2023-01-10 00:00:00,208526.84,2237385.25
7081.0,91.0,8.0,14.0,2021-03-02 00:00:00,153329.79,2146617.11
7082.0,81.0,8.0,19.0,2021-11-13 00:00:00,142613.77,2709661.65
7083.0,28.0,16.0,12.0,2021-02-06 00:00:00,113097.62,1357171.41
7084.0,20.0,9.0,21.0,2022-04-09 00:00:00,112113.51,2354383.77
7085.0,59.0,1.0,3.0,2024-01-08 00:00:00,145454.64,436363.93
7086.0,19.0,17.0,8.0,2024-07-12 00:00:00,151813.28,1214506.22
7087.0,7.0,1.0,9.89,2024-05-15 00:00:00,141371.52,1398694.52
7089.0,81.0,15.0,9.0,2020-11-04 00:00:00,105357.01,948213.05
7090.0,4.0,17.0,5.0,2021-05-27 00:00:00,178303.51,891517.55
7091.0,30.0,14.0,17.0,2022-06-26 00:00:00,124444.84,2115562.22
7094.0,22.0,8.0,11.0,2024-08-03 00:00:00,138017.47,1518192.18
7097.0,67.0,11.0,9.0,2024-10-02 00:00:00,148661.07,1337949.67
7098.0,17.0,15.0,18.0,2022-09-11 00:00:00,109431.58,1969768.53
7102.0,15.0,16.0,10.47,2024-01-06 00:00:00,100851.03,1056281.85
7103.0,65.0,10.0,4.0,2023-04-12 00:00:00,94617.87,378471.48
7105.0,4.0,9.0,0.0,2021-08-20 00:00:00,121701.64,0.0
7107.0,26.0,19.0,4.0,2021-03-29 00:00:00,92411.97,369647.89
7108.0,75.0,3.0,7.0,2022-06-14 00:00:00,96424.43,674970.98
7109.0,36.0,11.0,11.0,2021-07-04 00:00:00,156311.15,1719422.6
7113.0,21.0,4.0,9.0,2022-02-27 00:00:00,134208.92,1207880.27
7115.0,17.0,11.0,6.0,2022-02-19 00:00:00,170034.9,1020209.43
7118.0,10.0,18.0,12.0,2021-07-09 00:00:00,132276.31,1587315.75
7120.0,75.0,11.0,17.0,2021-03-05 00:00:00,156998.44,2668973.41
7122.0,85.0,19.0,13.0,2021-02-13 00:00:00,89162.26,1159109.4
7125.0,84.0,13.0,8.0,2021-09-05 00:00:00,196000.0,1568000.0
7126.0,39.0,3.0,16.0,2023-02-15 00:00:00,100208.1,1603329.53
7131.0,79.0,14.0,8.0,2021-01-01 00:00:00,122576.86,980614.91
7133.0,4.0,9.0,6.0,2022-12-25 00:00:00,117143.21,702859.29
7135.0,21.0,20.0,14.0,2021-04-29 00:00:00,223664.72,3131306.06
7136.0,21.0,20.0,19.0,2023-08-01 00:00:00,217066.85,4124270.15
7138.0,57.0,19.0,11.0,2021-06-04 00:00:00,98692.85,1085621.33
7142.0,93.0,9.0,17.0,2023-05-23 00:00:00,102160.88,1736734.95
7144.0,11.0,16.0,9.0,2024-03-25 00:00:00,104845.56,943610.08
7146.0,55.0,15.0,4.0,2021-06-28 00:00:00,90902.81,363611.25
7147.0,75.0,16.0,14.0,2023-03-25 00:00:00,106400.0,1489600.0
7148.0,74.0,17.0,6.0,2023-05-04 00:00:00,171098.64,1026591.86
7159.0,16.0,2.0,3.0,2021-02-08 00:00:00,167171.45,501514.34
7160.0,15.0,3.0,6.0,2024-06-07 00:00:00,100230.72,601384.3
7161.0,62.0,20.0,4.0,2022-02-28 00:00:00,203320.02,813280.08
7163.0,4.0,19.0,12.0,2022-02-19 00:00:00,93189.38,1118272.56
7166.0,72.0,9.0,18.0,2024-04-04 00:00:00,104093.82,1873688.82
7167.0,41.0,19.0,15.0,2024-09-22 00:00:00,99714.65,1495719.7
7168.0,39.0,16.0,4.0,2023-08-14 00:00:00,110474.04,441896.16
7171.0,13.0,2.0,18.0,2023-03-05 00:00:00,158387.81,2850980.6
7172.0,50.0,14.0,21.0,2024-06-11 00:00:00,141669.67,2975063.03
7173.0,6.0,6.0,4.0,2023-01-08 00:00:00,179200.0,716800.0
7175.0,76.0,12.0,10.0,2024-10-15 00:00:00,76605.19,766051.85
7178.0,2.0,7.0,9.0,2024-06-02 00:00:00,157851.27,1420661.4
7179.0,55.0,1.0,10.0,2023-12-18 00:00:00,140000.0,1400000.0
7180.0,33.0,6.0,17.0,2024-01-13 00:00:00,194959.51,3314311.75
7187.0,69.0,20.0,21.0,2023-02-09 00:00:00,203951.7,4282985.69
7189.0,13.0,17.0,17.0,2022-06-28 00:00:00,164278.51,2792734.64
7190.0,100.0,3.0,10.05,2021-11-26 00:00:00,97424.96,979022.56
7192.0,16.0,7.0,7.0,2023-09-13 00:00:00,148741.88,1041193.18
7193.0,85.0,13.0,18.0,2021-09-11 00:00:00,202009.86,3636177.53
7197.0,63.0,15.0,6.0,2020-11-01 00:00:00,101047.93,606287.55
7199.0,4.0,15.0,0.0,2022-01-09 00:00:00,98315.51,0.0
7200.0,66.0,4.0,4.0,2024-08-04 00:00:00,113448.94,453795.77
7201.0,70.0,20.0,9.0,2021-06-06 00:00:00,234859.24,2113733.18
7203.0,14.0,6.0,15.0,2021-08-28 00:00:00,180450.67,2706760.11
7208.0,85.0,5.0,4.0,2023-04-09 00:00:00,78365.28,313461.13
7210.0,93.0,11.0,12.0,2022-05-14 00:00:00,158308.5,1899702.03
7211.0,97.0,3.0,17.0,2021-05-26 00:00:00,94502.78,1606547.3
7212.0,8.0,14.0,17.0,2024-09-18 00:00:00,133088.43,2262503.38
7216.0,12.0,17.0,12.0,2023-09-17 00:00:00,170681.08,2048172.91
7223.0,11.0,15.0,20.0,2023-04-21 00:00:00,99734.08,1994681.62
7226.0,100.0,15.0,12.0,2022-08-23 00:00:00,93374.72,1120496.62
7227.0,39.0,17.0,13.0,2021-01-06 00:00:00,162082.35,2107070.51
7229.0,63.0,9.0,18.0,2023-11-02 00:00:00,113668.71,2046036.85
7230.0,86.0,19.0,6.0,2022-03-04 00:00:00,93443.57,560661.41
7231.0,18.0,5.0,15.0,2021-02-25 00:00:00,78533.17,1177997.55
7235.0,100.0,2.0,20.0,2022-12-21 00:00:00,178574.02,3571480.34
7236.0,14.0,9.0,2.0,2021-05-26 00:00:00,110985.54,221971.08
7238.0,88.0,17.0,14.0,2021-12-03 00:00:00,168594.38,2360321.37
7239.0,41.0,9.0,11.0,2020-12-24 00:00:00,113055.38,1243609.18
7240.0,45.0,11.0,14.0,2023-09-26 00:00:00,165678.56,2319499.84
7244.0,7.0,19.0,8.0,2023-11-30 00:00:00,102007.42,816059.35
7245.0,23.0,20.0,2.0,2021-09-08 00:00:00,202835.61,405671.22
7247.0,56.0,9.0,19.0,2022-05-17 00:00:00,123139.58,2339652.1
7248.0,53.0,16.0,19.0,2021-09-18 00:00:00,102406.9,1945731.12
7251.0,77.0,13.0,16.0,2023-03-12 00:00:00,188670.56,3018729.0
7255.0,3.0,19.0,4.0,2020-12-01 00:00:00,89264.61,357058.42
7256.0,7.0,12.0,9.0,2022-08-22 00:00:00,81610.32,734492.84
7258.0,47.0,5.0,6.0,2021-12-10 00:00:00,77661.63,465969.78
7260.0,47.0,9.0,20.0,2024-01-07 00:00:00,113225.53,2264510.54
7261.0,91.0,14.0,10.57,2022-02-16 00:00:00,140745.78,1488282.09
7262.0,34.0,13.0,2.0,2023-10-21 00:00:00,196000.0,392000.0
7263.0,18.0,10.0,13.0,2023-04-02 00:00:00,89600.0,1164800.0
7268.0,49.0,3.0,8.0,2021-06-03 00:00:00,99722.75,797781.98
7270.0,71.0,6.0,10.63,2022-04-05 00:00:00,190716.1,2026556.72
7271.0,8.0,5.0,8.0,2023-02-05 00:00:00,79248.68,633989.4
7275.0,50.0,10.0,9.0,2021-09-08 00:00:00,90042.13,810379.13
7276.0,42.0,4.0,2.0,2024-04-11 00:00:00,129986.58,259973.16
7277.0,32.0,20.0,10.85,2023-10-20 00:00:00,224000.0,2430060.61
7278.0,36.0,8.0,20.0,2024-06-15 00:00:00,141581.23,2831624.6
7279.0,43.0,12.0,15.0,2024-07-04 00:00:00,90424.41,1356366.12
7280.0,86.0,19.0,15.0,2024-04-14 00:00:00,98924.49,1483867.37
7282.0,63.0,7.0,10.41,2021-09-15 00:00:00,140436.57,1462061.0
7285.0,20.0,19.0,9.0,2022-02-05 00:00:00,102899.35,926094.18
7286.0,34.0,7.0,10.0,2024-09-14 00:00:00,160963.48,1609634.83
7287.0,52.0,9.0,2.0,2021-02-22 00:00:00,109299.44,218598.88
7288.0,40.0,17.0,9.0,2021-09-01 00:00:00,184422.75,1659804.79
7293.0,41.0,9.0,13.0,2024-05-03 00:00:00,106923.66,1390007.52
7295.0,65.0,10.0,8.0,2023-08-16 00:00:00,80656.74,645253.93
7302.0,13.0,15.0,8.0,2021-05-27 00:00:00,101894.22,815153.78
7303.0,99.0,2.0,8.0,2023-01-19 00:00:00,157152.63,1257221.01
7305.0,100.0,3.0,11.0,2021-11-01 00:00:00,102882.87,1131711.52
7306.0,37.0,10.0,8.0,2021-06-04 00:00:00,81634.94,653079.53
7308.0,8.0,3.0,20.0,2020-11-19 00:00:00,106359.06,2127181.25
7309.0,12.0,16.0,12.0,2023-02-21 00:00:00,107556.19,1290674.26
7310.0,59.0,16.0,15.0,2023-08-08 00:00:00,97617.25,1464258.77
7315.0,70.0,6.0,10.63,2023-06-04 00:00:00,186199.55,1978563.65
7317.0,4.0,14.0,7.0,2022-10-30 00:00:00,140878.63,986150.39
7321.0,56.0,13.0,3.0,2024-01-08 00:00:00,196000.0,588000.0
7322.0,70.0,3.0,10.05,2022-12-08 00:00:00,92524.69,929779.8
7327.0,5.0,11.0,11.06,2023-11-23 00:00:00,166733.03,1844182.96
7329.0,55.0,3.0,6.0,2021-11-20 00:00:00,101782.82,610696.93
7330.0,63.0,19.0,8.0,2021-09-28 00:00:00,95611.2,764889.63
7338.0,5.0,9.0,7.0,2024-10-01 00:00:00,115650.31,809552.18
7340.0,44.0,18.0,11.0,2022-01-19 00:00:00,134316.63,1477482.95
7345.0,7.0,13.0,4.0,2021-11-21 00:00:00,192635.13,770540.52
7346.0,96.0,1.0,4.0,2021-08-25 00:00:00,148935.1,595740.4
7347.0,81.0,14.0,10.57,2021-07-07 00:00:00,124140.67,1312695.43
7350.0,84.0,16.0,8.0,2023-05-12 00:00:00,97384.45,779075.6
7352.0,70.0,7.0,0.0,2023-01-16 00:00:00,156840.16,0.0
7357.0,27.0,5.0,6.0,2022-05-03 00:00:00,90285.24,541711.44
7359.0,24.0,11.0,11.06,2022-07-13 00:00:00,151844.67,1679507.41
7362.0,45.0,6.0,14.0,2024-02-14 00:00:00,189472.39,2652613.48
7363.0,35.0,10.0,2.0,2021-04-11 00:00:00,85428.84,170857.68
7367.0,40.0,6.0,17.0,2022-08-31 00:00:00,164613.51,2798429.68
7375.0,15.0,18.0,18.0,2022-09-30 00:00:00,130974.49,2357540.75
7376.0,58.0,12.0,17.0,2022-08-12 00:00:00,91424.75,1554220.78
7377.0,27.0,16.0,10.47,2021-03-03 00:00:00,116432.68,1219479.1
7378.0,72.0,10.0,18.0,2022-07-21 00:00:00,91669.53,1650051.47
7379.0,34.0,4.0,4.0,2024-02-26 00:00:00,123586.59,494346.34
7382.0,22.0,13.0,2.0,2022-06-17 00:00:00,187356.38,374712.75
7384.0,71.0,6.0,16.0,2024-03-15 00:00:00,182942.33,2927077.35
7388.0,41.0,6.0,16.0,2021-10-31 00:00:00,191189.78,3059036.42
7390.0,51.0,8.0,19.0,2023-04-02 00:00:00,153933.76,2924741.46
7395.0,8.0,19.0,15.0,2022-03-01 00:00:00,88879.28,1333189.27
7396.0,70.0,6.0,10.63,2021-03-26 00:00:00,183276.7,1947505.31
7398.0,55.0,13.0,8.0,2021-02-23 00:00:00,197523.49,1580187.9
7402.0,29.0,13.0,11.0,2021-07-17 00:00:00,195931.11,2155242.25
7403.0,51.0,4.0,19.0,2023-05-30 00:00:00,129505.26,2460599.96
7404.0,5.0,8.0,18.0,2024-09-10 00:00:00,138384.26,2490916.66
7405.0,82.0,6.0,18.0,2021-09-04 00:00:00,173565.75,3124183.5
7406.0,1.0,8.0,10.56,2024-04-05 00:00:00,156877.8,1656806.64
7407.0,51.0,15.0,13.0,2021-06-26 00:00:00,109573.86,1424460.21
7409.0,71.0,1.0,14.0,2022-07-27 00:00:00,136080.5,1905126.95
7410.0,89.0,16.0,21.0,2022-12-11 00:00:00,105733.77,2220409.2
7411.0,13.0,4.0,2.0,2021-01-29 00:00:00,127738.77,255477.54
7415.0,48.0,16.0,10.47,2024-03-28 00:00:00,106400.0,1114400.0
7416.0,52.0,15.0,7.0,2024-03-10 00:00:00,107127.15,749890.06
7420.0,28.0,18.0,14.0,2020-12-12 00:00:00,141517.13,1981239.82
7421.0,78.0,16.0,14.0,2021-07-17 00:00:00,96598.01,1352372.15
7424.0,51.0,14.0,5.0,2024-08-02 00:00:00,117330.34,586651.69
7426.0,63.0,4.0,18.0,2023-12-02 00:00:00,122485.81,2204744.51
7430.0,62.0,13.0,18.0,2024-07-04 00:00:00,210399.68,3787194.15
7433.0,68.0,18.0,4.0,2023-09-29 00:00:00,141063.88,564255.5
7435.0,28.0,6.0,3.0,2022-04-28 00:00:00,179891.92,539675.76
7437.0,51.0,18.0,11.0,2023-02-02 00:00:00,130417.78,1434595.57
7438.0,6.0,19.0,14.0,2021-12-03 00:00:00,89548.11,1253673.52
7439.0,80.0,2.0,10.0,2022-02-24 00:00:00,173833.26,1738332.6
7442.0,94.0,8.0,7.0,2022-04-30 00:00:00,151200.0,1058400.0
7444.0,97.0,14.0,13.0,2022-03-25 00:00:00,125375.58,1629882.57
7448.0,88.0,6.0,7.0,2022-07-29 00:00:00,179200.0,1254400.0
7449.0,99.0,8.0,12.0,2021-11-08 00:00:00,164978.69,1979744.24
7451.0,54.0,2.0,2.0,2021-05-21 00:00:00,168000.0,336000.0
7453.0,38.0,3.0,10.05,2023-05-27 00:00:00,102586.08,1030886.64
7455.0,91.0,16.0,1.0,2024-06-29 00:00:00,104382.18,104382.18
7459.0,76.0,9.0,4.0,2023-05-03 00:00:00,117012.72,468050.89
7463.0,14.0,14.0,5.0,2024-02-18 00:00:00,120635.89,603179.44
7465.0,13.0,7.0,13.0,2020-11-16 00:00:00,148161.39,1926098.05
7466.0,61.0,20.0,2.0,2022-11-29 00:00:00,219428.57,438857.15
7467.0,80.0,5.0,2.0,2023-07-02 00:00:00,89277.52,178555.05
7471.0,25.0,10.0,14.0,2021-02-05 00:00:00,89600.0,1254400.0
7472.0,81.0,18.0,12.0,2022-05-14 00:00:00,146632.47,1759589.63
7473.0,2.0,8.0,10.56,2023-10-06 00:00:00,159402.34,1683468.57
7474.0,32.0,11.0,11.06,2021-07-02 00:00:00,150488.91,1664511.7
7476.0,77.0,17.0,2.0,2023-06-01 00:00:00,167784.66,335569.31
7477.0,40.0,2.0,8.0,2023-03-30 00:00:00,166179.63,1329437.08
7478.0,2.0,20.0,1.0,2021-10-06 00:00:00,234810.41,234810.41
7481.0,93.0,7.0,6.0,2024-03-29 00:00:00,158241.46,949448.76
7483.0,80.0,8.0,12.0,2023-09-20 00:00:00,139767.44,1677209.26
7484.0,27.0,1.0,4.0,2023-03-21 00:00:00,152073.01,608292.02
7485.0,3.0,18.0,12.0,2023-07-01 00:00:00,140742.68,1688912.19
7488.0,21.0,3.0,10.05,2024-03-05 00:00:00,103326.0,1038322.12
7493.0,35.0,1.0,5.0,2023-12-05 00:00:00,135106.81,675534.05
7494.0,11.0,20.0,4.0,2021-12-16 00:00:00,231216.9,924867.58
7496.0,97.0,4.0,15.0,2024-09-11 00:00:00,126253.65,1893804.7
7498.0,74.0,10.0,13.0,2023-09-03 00:00:00,84058.74,1092763.6
7500.0,31.0,20.0,16.0,2020-11-05 00:00:00,208813.69,3341019.0
7501.0,92.0,3.0,13.0,2024-01-03 00:00:00,106583.49,1385585.42
7503.0,21.0,5.0,14.0,2021-11-23 00:00:00,79812.07,1117369.03
7504.0,37.0,1.0,4.0,2024-01-04 00:00:00,138125.36,552501.43
7505.0,20.0,16.0,14.0,2022-01-31 00:00:00,104090.0,1457260.07
7506.0,13.0,12.0,12.0,2024-02-05 00:00:00,90163.39,1081960.63
7507.0,21.0,16.0,14.0,2022-04-05 00:00:00,113271.92,1585806.92
7511.0,6.0,9.0,18.0,2023-07-20 00:00:00,107511.66,1935209.86
7512.0,69.0,16.0,12.0,2023-06-01 00:00:00,101214.83,1214577.96
7514.0,2.0,19.0,12.0,2022-10-18 00:00:00,89873.44,1078481.26
7517.0,78.0,11.0,9.0,2021-04-22 00:00:00,169669.34,1527024.07
7520.0,87.0,2.0,10.58,2020-04-12 00:00:00,177259.44,1874963.1
7521.0,74.0,5.0,19.0,2022-09-10 00:00:00,76328.85,1450248.21
7522.0,10.0,2.0,5.0,2022-10-23 00:00:00,181455.96,907279.82
7527.0,11.0,4.0,11.0,2020-11-28 00:00:00,131675.92,1448435.14
7530.0,29.0,15.0,14.0,2022-03-10 00:00:00,96299.73,1348196.24
7531.0,81.0,19.0,3.0,2021-08-02 00:00:00,95200.0,285600.0
7533.0,75.0,12.0,10.4,2023-08-04 00:00:00,84150.41,875482.87
7534.0,27.0,16.0,15.0,2023-06-16 00:00:00,100431.46,1506471.97
7537.0,81.0,12.0,12.0,2023-07-13 00:00:00,81459.55,977514.6
7538.0,16.0,14.0,6.0,2021-06-24 00:00:00,126170.87,757025.23
7539.0,22.0,7.0,20.0,2023-08-29 00:00:00,138974.37,2779487.35
7544.0,1.0,15.0,11.0,2021-07-28 00:00:00,92449.74,1016947.16
7548.0,96.0,12.0,13.0,2022-04-16 00:00:00,76083.16,989081.13
7552.0,98.0,12.0,8.0,2021-02-02 00:00:00,85423.57,683388.54
7556.0,27.0,14.0,2.0,2024-02-28 00:00:00,128342.96,256685.93
7558.0,23.0,6.0,19.0,2024-07-07 00:00:00,194062.83,3687193.82
7559.0,65.0,17.0,17.0,2022-12-06 00:00:00,162012.42,2754211.07
7560.0,65.0,14.0,18.0,2023-04-06 00:00:00,141663.85,2549949.28
7561.0,62.0,17.0,10.97,2024-10-24 00:00:00,168830.88,1852023.61
7562.0,12.0,9.0,17.0,2022-05-31 00:00:00,117236.77,1993025.03
7563.0,38.0,1.0,20.0,2024-04-06 00:00:00,131580.87,2631617.34
7564.0,77.0,16.0,11.0,2021-12-18 00:00:00,98455.93,1083015.19
7566.0,56.0,12.0,19.0,2023-05-02 00:00:00,91779.3,1743806.65
7568.0,52.0,3.0,4.0,2021-05-23 00:00:00,105661.78,422647.12
7570.0,47.0,14.0,11.0,2023-04-12 00:00:00,125799.39,1383793.27
7572.0,60.0,6.0,5.0,2021-10-13 00:00:00,192318.7,961593.5
7576.0,25.0,9.0,14.0,2024-01-12 00:00:00,115955.33,1623374.62
7577.0,45.0,4.0,13.0,2021-01-07 00:00:00,128331.16,1668305.03
7583.0,29.0,15.0,17.0,2023-07-27 00:00:00,103849.71,1765445.01
7584.0,53.0,16.0,4.0,2024-10-10 00:00:00,100784.25,403137.01
7587.0,55.0,9.0,7.0,2022-09-12 00:00:00,105383.75,737686.23
7591.0,68.0,11.0,3.0,2024-07-09 00:00:00,161810.63,485431.9
7592.0,75.0,19.0,14.0,2024-02-25 00:00:00,92873.62,1300230.66
7594.0,64.0,7.0,1.0,2024-03-02 00:00:00,158247.55,158247.55
7595.0,20.0,17.0,3.0,2023-11-08 00:00:00,155255.67,465767.01
7596.0,92.0,13.0,5.0,2023-10-12 00:00:00,202589.3,1012946.5
7605.0,6.0,10.0,3.0,2021-05-03 00:00:00,89106.82,267320.45
7606.0,43.0,12.0,14.0,2024-05-02 00:00:00,91807.04,1285298.52
7607.0,10.0,7.0,9.0,2022-08-05 00:00:00,149104.22,1341937.98
7608.0,65.0,17.0,16.0,2021-03-09 00:00:00,157697.44,2523159.08
7611.0,18.0,13.0,19.0,2024-03-23 00:00:00,185344.0,3521536.0
7612.0,65.0,2.0,3.0,2021-03-26 00:00:00,168416.14,505248.41
7613.0,71.0,3.0,11.0,2020-04-12 00:00:00,98239.88,1080638.72
7614.0,73.0,5.0,4.0,2023-06-09 00:00:00,87688.44,350753.76
7615.0,35.0,12.0,15.0,2020-11-17 00:00:00,81142.88,1217143.25
7616.0,70.0,16.0,3.0,2022-10-09 00:00:00,98884.75,296654.25
7618.0,76.0,17.0,15.0,2022-11-27 00:00:00,180480.95,2707214.3
7620.0,74.0,13.0,14.0,2024-08-16 00:00:00,202259.1,2831627.47
7621.0,50.0,2.0,0.0,2023-10-27 00:00:00,171200.48,0.0
7622.0,49.0,1.0,19.0,2021-09-03 00:00:00,134711.25,2559513.76
7624.0,7.0,5.0,13.0,2022-08-07 00:00:00,84259.23,1095369.94
7626.0,49.0,13.0,9.0,2021-02-19 00:00:00,211237.56,1901138.03
7627.0,25.0,19.0,7.0,2023-04-19 00:00:00,97936.83,685557.78
7631.0,66.0,14.0,16.0,2021-01-08 00:00:00,124221.62,1987545.94
7632.0,41.0,7.0,7.0,2022-07-03 00:00:00,140991.35,986939.46
7635.0,89.0,16.0,9.0,2024-08-07 00:00:00,98759.71,888837.37
7639.0,33.0,13.0,8.0,2020-12-25 00:00:00,213704.0,1709632.03
7640.0,6.0,6.0,5.0,2021-01-03 00:00:00,179200.0,896000.0
7642.0,6.0,16.0,16.0,2023-01-25 00:00:00,99597.19,1593555.02
7645.0,10.0,6.0,4.0,2024-08-11 00:00:00,170046.37,680185.5
7646.0,76.0,10.0,11.0,2023-09-05 00:00:00,82592.67,908519.42
7647.0,67.0,1.0,3.0,2023-12-20 00:00:00,132533.74,397601.21
7653.0,53.0,12.0,12.0,2024-02-12 00:00:00,79074.58,948894.97
7654.0,2.0,7.0,16.0,2021-10-05 00:00:00,146329.3,2341268.76
7660.0,48.0,4.0,15.0,2023-12-04 00:00:00,120679.11,1810186.62
7662.0,19.0,4.0,10.76,2023-04-08 00:00:00,133982.5,1441085.73
7666.0,20.0,10.0,10.0,2023-04-04 00:00:00,88206.57,882065.73
7673.0,16.0,7.0,7.0,2023-12-17 00:00:00,158290.84,1108035.9
7678.0,46.0,14.0,3.0,2023-07-06 00:00:00,128800.0,386400.0
7679.0,89.0,9.0,17.0,2023-12-19 00:00:00,109094.05,1854598.77
7680.0,53.0,11.0,18.0,2022-01-13 00:00:00,164829.74,2966935.37
7688.0,89.0,6.0,19.0,2021-08-06 00:00:00,163200.95,3100818.13
7690.0,21.0,14.0,5.0,2021-12-09 00:00:00,122665.75,613328.74
7692.0,1.0,4.0,9.0,2022-06-16 00:00:00,127893.08,1151037.74
7693.0,65.0,9.0,10.46,2024-10-25 00:00:00,104589.21,1093749.63
7695.0,3.0,14.0,14.0,2021-11-08 00:00:00,128800.0,1803200.0
7700.0,37.0,16.0,10.47,2024-02-14 00:00:00,99811.22,1045391.24
7701.0,95.0,12.0,1.0,2022-09-24 00:00:00,81326.15,81326.15
7703.0,71.0,13.0,1.0,2024-05-11 00:00:00,183415.34,183415.34
7705.0,65.0,20.0,18.0,2023-02-12 00:00:00,230510.06,4149181.14
7707.0,19.0,9.0,17.0,2024-10-28 00:00:00,122681.58,2085586.84
7708.0,72.0,6.0,10.63,2023-07-11 00:00:00,184105.52,1956312.39
7709.0,92.0,13.0,19.0,2024-07-05 00:00:00,176573.15,3354889.89
7712.0,12.0,2.0,2.0,2021-03-20 00:00:00,158637.23,317274.46
7714.0,5.0,4.0,17.0,2023-02-24 00:00:00,116450.84,1979664.28
7716.0,67.0,20.0,20.0,2022-08-29 00:00:00,208856.76,4177135.24
7717.0,69.0,2.0,8.0,2021-11-29 00:00:00,162120.74,1296965.88
7718.0,40.0,9.0,10.46,2021-04-09 00:00:00,106087.84,1109421.65
7722.0,92.0,19.0,3.0,2023-01-02 00:00:00,94465.47,283396.42
7725.0,81.0,8.0,15.0,2024-09-21 00:00:00,163071.47,2446072.11
7726.0,35.0,5.0,17.0,2022-01-26 00:00:00,77152.38,1311590.45
7728.0,61.0,15.0,5.0,2023-11-07 00:00:00,105776.93,528884.64
7729.0,100.0,3.0,10.05,2022-11-11 00:00:00,108409.32,1089404.32
7732.0,81.0,4.0,12.0,2023-10-05 00:00:00,123200.0,1478400.0
7733.0,18.0,15.0,9.97,2020-10-11 00:00:00,94831.05,945855.32
7734.0,81.0,12.0,10.0,2023-02-26 00:00:00,82462.83,824628.32
7735.0,89.0,20.0,14.0,2024-03-03 00:00:00,241297.96,3378171.48
7737.0,75.0,16.0,20.0,2024-08-30 00:00:00,115346.29,2306925.83
7738.0,13.0,16.0,15.0,2023-03-27 00:00:00,116696.55,1750448.22
7744.0,54.0,7.0,4.0,2023-02-07 00:00:00,159262.53,637050.13
7748.0,84.0,10.0,12.0,2022-09-15 00:00:00,84905.87,1018870.45
7751.0,95.0,6.0,4.0,2023-02-22 00:00:00,188141.92,752567.67
7754.0,66.0,15.0,12.0,2022-07-02 00:00:00,91400.9,1096810.85
7760.0,16.0,13.0,6.0,2024-06-27 00:00:00,197454.03,1184724.16
7764.0,32.0,17.0,17.0,2023-01-31 00:00:00,165209.53,2808562.04
7766.0,48.0,18.0,10.0,2023-03-26 00:00:00,147807.52,1478075.22
7767.0,79.0,10.0,7.0,2024-03-29 00:00:00,80750.36,565252.5
7768.0,25.0,2.0,17.0,2024-07-31 00:00:00,161125.74,2739137.52
7770.0,24.0,10.0,9.0,2024-04-05 00:00:00,88224.85,794023.66
7771.0,29.0,20.0,20.0,2020-12-20 00:00:00,224000.0,4480000.0
7775.0,65.0,2.0,16.0,2023-03-17 00:00:00,167230.22,2675683.48
7776.0,61.0,16.0,12.0,2021-05-09 00:00:00,108072.42,1296869.07
7779.0,98.0,13.0,2.0,2023-12-28 00:00:00,214897.66,429795.32
7780.0,88.0,18.0,4.0,2022-10-07 00:00:00,138427.8,553711.2
7785.0,44.0,18.0,20.0,2022-12-28 00:00:00,126844.71,2536894.17
7787.0,14.0,18.0,6.0,2023-02-26 00:00:00,128512.95,771077.71
7788.0,33.0,1.0,13.0,2024-07-29 00:00:00,133270.86,1732521.21
7789.0,37.0,4.0,6.0,2023-02-24 00:00:00,119757.65,718545.88
7793.0,4.0,13.0,15.0,2023-07-20 00:00:00,186641.84,2799627.64
7796.0,25.0,1.0,9.89,2022-09-01 00:00:00,144396.91,1428626.91
7799.0,51.0,6.0,14.0,2024-04-21 00:00:00,188605.2,2640472.78
7801.0,4.0,2.0,6.0,2023-07-28 00:00:00,180675.64,1084053.83
7808.0,56.0,4.0,10.76,2022-05-02 00:00:00,125415.03,1348935.94
7813.0,89.0,9.0,3.0,2022-07-17 00:00:00,104878.91,314636.72
7814.0,4.0,6.0,3.0,2023-03-04 00:00:00,194042.09,582126.27
7817.0,33.0,10.0,2.0,2022-09-04 00:00:00,85371.48,170742.96
7818.0,1.0,7.0,19.0,2022-07-24 00:00:00,155002.26,2945042.86
7824.0,100.0,3.0,14.0,2024-03-14 00:00:00,93857.82,1314009.49
7825.0,8.0,20.0,5.0,2022-10-07 00:00:00,231125.55,1155627.75
7826.0,81.0,8.0,12.0,2024-06-19 00:00:00,151200.0,1814400.0
7827.0,40.0,13.0,5.0,2023-05-09 00:00:00,195721.11,978605.55
7828.0,50.0,9.0,16.0,2020-11-10 00:00:00,107656.67,1722506.73
7831.0,25.0,4.0,10.76,2023-09-12 00:00:00,113390.95,1219607.6
7832.0,72.0,17.0,3.0,2024-04-10 00:00:00,158665.41,475996.23
7834.0,48.0,5.0,17.0,2021-04-25 00:00:00,78701.34,1337922.75
7835.0,49.0,9.0,3.0,2024-04-17 00:00:00,118813.65,356440.96
7837.0,90.0,8.0,13.0,2021-10-14 00:00:00,136546.63,1775106.15
7838.0,8.0,11.0,19.0,2024-09-07 00:00:00,159469.93,3029928.67
7840.0,7.0,8.0,7.0,2021-07-01 00:00:00,145879.78,1021158.44
7841.0,8.0,4.0,10.76,2021-12-23 00:00:00,134748.73,1449327.13
7843.0,63.0,2.0,10.0,2023-04-20 00:00:00,174941.01,1749410.14
7844.0,23.0,19.0,18.0,2021-12-15 00:00:00,95200.0,1713600.0
7845.0,13.0,8.0,13.0,2021-08-11 00:00:00,157307.75,2045000.79
7846.0,100.0,3.0,13.0,2021-06-05 00:00:00,98738.64,1283602.37
7848.0,54.0,17.0,16.0,2022-05-04 00:00:00,154511.08,2472177.32
7852.0,96.0,13.0,0.0,2021-03-22 00:00:00,187874.42,0.0
7857.0,98.0,18.0,11.0,2020-11-05 00:00:00,127665.86,1404324.43
7858.0,17.0,15.0,19.0,2021-06-05 00:00:00,107567.87,2043789.44
7859.0,99.0,14.0,11.0,2022-12-11 00:00:00,131990.49,1451895.43
7862.0,42.0,7.0,4.0,2024-06-13 00:00:00,137340.51,549362.03
7865.0,6.0,16.0,7.0,2022-06-03 00:00:00,108668.76,760681.32
7866.0,27.0,9.0,10.0,2022-05-12 00:00:00,121643.86,1216438.57
7867.0,63.0,12.0,14.0,2024-05-28 00:00:00,77192.27,1080691.82
7868.0,55.0,2.0,11.0,2024-06-09 00:00:00,162603.82,1788641.97
7869.0,83.0,15.0,9.0,2024-06-26 00:00:00,104399.55,939595.92
7873.0,96.0,12.0,3.0,2023-08-28 00:00:00,79201.62,237604.85
7875.0,45.0,10.0,3.0,2021-07-05 00:00:00,96156.48,288469.45
7878.0,84.0,9.0,6.0,2021-01-05 00:00:00,103233.77,619402.6
7881.0,81.0,17.0,15.0,2021-01-31 00:00:00,176000.26,2640003.85
7884.0,83.0,11.0,9.0,2022-08-02 00:00:00,160164.48,1441480.28
7885.0,67.0,9.0,8.0,2024-08-06 00:00:00,121329.84,970638.74
7886.0,47.0,3.0,8.0,2021-10-24 00:00:00,110130.61,881044.85
7889.0,23.0,9.0,0.0,2021-12-13 00:00:00,103862.73,0.0
7892.0,31.0,15.0,10.0,2024-08-26 00:00:00,110292.12,1102921.2
7897.0,25.0,11.0,17.0,2022-05-31 00:00:00,166719.72,2834235.17
7899.0,76.0,15.0,18.0,2023-07-13 00:00:00,109154.96,1964789.33
7900.0,31.0,2.0,7.0,2024-07-02 00:00:00,175321.43,1227250.01
7904.0,64.0,6.0,13.0,2022-01-15 00:00:00,167788.88,2181255.41
7905.0,2.0,19.0,12.0,2023-11-21 00:00:00,98738.67,1184864.08
7908.0,10.0,11.0,10.0,2022-01-27 00:00:00,156800.0,1568000.0
7912.0,52.0,13.0,1.0,2023-06-26 00:00:00,214583.99,214583.99
7913.0,22.0,19.0,16.0,2024-03-19 00:00:00,103581.7,1657307.2
7915.0,78.0,14.0,15.0,2023-11-13 00:00:00,136755.93,2051338.94
7919.0,76.0,1.0,9.89,2024-09-22 00:00:00,132458.27,1310509.0
7920.0,76.0,17.0,21.0,2023-07-28 00:00:00,161035.29,3381741.09
7921.0,73.0,4.0,11.0,2023-12-04 00:00:00,118122.46,1299347.02
7926.0,60.0,3.0,10.0,2022-07-29 00:00:00,100800.0,1008000.0
7929.0,68.0,11.0,19.0,2024-06-18 00:00:00,167524.65,3182968.38
7930.0,74.0,11.0,2.0,2022-07-25 00:00:00,146721.74,293443.48
7931.0,88.0,3.0,10.05,2023-12-08 00:00:00,98092.83,985733.96
7933.0,27.0,20.0,17.0,2023-09-15 00:00:00,232494.43,3952405.32
7934.0,17.0,20.0,16.0,2022-01-06 00:00:00,226802.59,3628841.36
7935.0,50.0,4.0,13.0,2022-02-09 00:00:00,123200.0,1601600.0
7939.0,69.0,5.0,4.0,2022-06-21 00:00:00,80990.07,323960.28
7940.0,83.0,8.0,7.0,2021-02-25 00:00:00,141747.9,992235.32
7941.0,21.0,7.0,10.41,2020-10-29 00:00:00,154678.33,1610329.51
7942.0,46.0,1.0,6.0,2022-10-04 00:00:00,140000.0,840000.0
7943.0,55.0,18.0,12.0,2022-01-04 00:00:00,144499.63,1733995.6
7946.0,69.0,6.0,14.0,2022-05-04 00:00:00,179162.4,2508273.59
7947.0,90.0,18.0,6.0,2022-05-28 00:00:00,143365.87,860195.2
7949.0,76.0,1.0,11.0,2022-05-07 00:00:00,128312.24,1411434.69
7950.0,81.0,9.0,12.0,2023-07-27 00:00:00,120830.03,1449960.36
7952.0,77.0,2.0,18.0,2023-06-14 00:00:00,177884.82,3201926.72
7953.0,10.0,7.0,2.0,2020-07-11 00:00:00,142759.4,285518.81
7957.0,4.0,2.0,20.0,2024-01-14 00:00:00,153136.52,3062730.37
7960.0,67.0,19.0,3.0,2021-12-01 00:00:00,95200.0,285600.0
7963.0,49.0,18.0,20.0,2022-07-08 00:00:00,145258.94,2905178.85
7966.0,14.0,5.0,19.0,2022-01-09 00:00:00,80048.79,1520926.97
7972.0,92.0,6.0,10.63,2021-12-02 00:00:00,183872.54,1953836.79
7974.0,82.0,17.0,18.0,2024-03-14 00:00:00,184139.31,3314507.52
7978.0,98.0,2.0,9.0,2022-08-03 00:00:00,168000.0,1512000.0
7981.0,68.0,6.0,17.0,2021-07-22 00:00:00,187375.35,3185381.01
7988.0,8.0,10.0,9.0,2021-10-23 00:00:00,83288.35,749595.15
7995.0,49.0,3.0,1.0,2022-03-21 00:00:00,91670.38,91670.38
7996.0,2.0,20.0,11.0,2023-10-26 00:00:00,245092.99,2696022.86
7997.0,39.0,3.0,8.0,2022-10-11 00:00:00,91111.73,728893.86
8000.0,16.0,15.0,12.0,2022-07-15 00:00:00,106703.36,1280440.31
8010.0,65.0,20.0,0.0,2021-06-19 00:00:00,224000.0,0.0
8014.0,73.0,12.0,10.0,2021-04-16 00:00:00,84000.0,840000.0
8017.0,79.0,20.0,3.0,2024-05-13 00:00:00,221482.21,664446.63
8023.0,87.0,7.0,10.0,2022-10-22 00:00:00,158573.64,1585736.4
8027.0,44.0,14.0,7.0,2021-08-18 00:00:00,123683.09,865781.66
8030.0,84.0,20.0,21.0,2023-09-24 00:00:00,227780.75,4783395.82
8031.0,22.0,1.0,12.0,2021-09-24 00:00:00,141506.31,1698075.75
8033.0,68.0,6.0,3.0,2021-10-29 00:00:00,166482.03,499446.1
8035.0,85.0,2.0,9.0,2021-04-06 00:00:00,158148.76,1423338.88
8042.0,46.0,2.0,4.0,2021-07-18 00:00:00,156547.42,626189.67
8047.0,33.0,9.0,17.0,2023-11-21 00:00:00,116363.75,1978183.74
8051.0,31.0,9.0,15.0,2021-03-12 00:00:00,112000.0,1680000.0
8053.0,39.0,12.0,18.0,2022-11-11 00:00:00,79940.35,1438926.33
8054.0,40.0,12.0,18.0,2023-05-06 00:00:00,84000.0,1512000.0
8055.0,61.0,7.0,19.0,2023-10-07 00:00:00,161216.74,3063118.1
8056.0,94.0,19.0,15.0,2024-01-17 00:00:00,89898.12,1348471.82
8061.0,90.0,3.0,4.0,2022-05-25 00:00:00,109790.84,439163.34
8066.0,57.0,12.0,19.0,2024-09-20 00:00:00,78999.85,1500997.17
8068.0,32.0,4.0,10.0,2020-12-16 00:00:00,117715.92,1177159.24
8069.0,44.0,11.0,19.0,2022-05-28 00:00:00,147463.24,2801801.62
8070.0,91.0,20.0,5.0,2023-01-28 00:00:00,239319.88,1196599.39
8071.0,9.0,3.0,10.05,2022-08-14 00:00:00,94515.55,949785.95
8074.0,1.0,7.0,11.0,2021-06-11 00:00:00,151200.0,1663200.0
8077.0,50.0,7.0,19.0,2024-04-05 00:00:00,141437.05,2687303.92
8081.0,26.0,16.0,10.47,2024-09-17 00:00:00,99588.51,1043058.59
8083.0,62.0,13.0,14.0,2024-04-01 00:00:00,186099.73,2605396.28
8087.0,28.0,8.0,11.0,2022-10-05 00:00:00,151703.71,1668740.79
8088.0,55.0,19.0,13.0,2023-08-11 00:00:00,91502.93,1189538.12
8089.0,93.0,3.0,15.0,2023-08-24 00:00:00,107766.8,1616502.02
8090.0,26.0,2.0,8.0,2023-04-03 00:00:00,154902.03,1239216.27
8093.0,48.0,7.0,10.41,2021-06-12 00:00:00,150496.81,1566796.39
8094.0,26.0,2.0,10.58,2023-01-23 00:00:00,164534.47,1740364.6
8095.0,65.0,11.0,6.0,2022-04-08 00:00:00,149486.14,896916.82
8099.0,50.0,6.0,16.0,2021-01-02 00:00:00,166418.66,2662698.59
8102.0,42.0,6.0,16.0,2024-09-02 00:00:00,194494.32,3111909.15
8104.0,99.0,12.0,4.0,2020-12-10 00:00:00,83047.51,332190.02
8108.0,27.0,1.0,9.0,2024-03-10 00:00:00,132915.24,1196237.12
8109.0,19.0,15.0,5.0,2023-10-10 00:00:00,95075.21,475376.03
8110.0,29.0,17.0,15.0,2023-06-13 00:00:00,182180.87,2732713.02
8112.0,63.0,2.0,13.0,2023-09-24 00:00:00,166316.37,2162112.85
8113.0,14.0,16.0,17.0,2021-10-07 00:00:00,112375.16,1910377.69
8121.0,10.0,3.0,14.0,2022-04-30 00:00:00,107208.48,1500918.66
8122.0,12.0,6.0,6.0,2022-01-01 00:00:00,179200.0,1075200.0
8123.0,64.0,9.0,6.0,2022-10-02 00:00:00,112000.0,672000.0
8128.0,51.0,17.0,12.0,2022-02-02 00:00:00,156663.99,1879967.82
8132.0,47.0,9.0,13.0,2021-11-05 00:00:00,117595.5,1528741.5
8133.0,56.0,8.0,12.0,2024-09-01 00:00:00,151200.0,1814400.0
8134.0,30.0,4.0,10.0,2022-12-23 00:00:00,135108.47,1351084.7
8135.0,45.0,17.0,16.0,2022-09-27 00:00:00,160195.74,2563131.9
8137.0,73.0,20.0,2.0,2022-09-20 00:00:00,205231.92,410463.83
8138.0,67.0,7.0,13.0,2021-12-04 00:00:00,162789.06,2116257.82
8139.0,27.0,3.0,11.0,2023-02-07 00:00:00,99011.97,1089131.66
8140.0,76.0,1.0,9.0,2022-02-02 00:00:00,153513.84,1381624.52
8143.0,28.0,9.0,14.0,2020-12-17 00:00:00,107352.16,1502930.3
8145.0,33.0,5.0,10.0,2021-04-03 00:00:00,92034.22,920342.18
8146.0,87.0,16.0,10.47,2022-10-15 00:00:00,116617.49,1221414.73
8147.0,34.0,16.0,10.47,2024-03-08 00:00:00,100404.97,1051609.98
8148.0,81.0,13.0,11.0,2023-06-12 00:00:00,178096.46,1959061.07
8149.0,59.0,19.0,20.0,2021-01-13 00:00:00,95200.0,1904000.0
8151.0,46.0,18.0,5.0,2021-07-18 00:00:00,146622.1,733110.5
8154.0,85.0,20.0,8.0,2021-03-13 00:00:00,207311.5,1658492.0
8155.0,48.0,5.0,7.0,2022-09-04 00:00:00,79282.85,554979.92
8158.0,77.0,5.0,9.0,2023-10-17 00:00:00,85782.65,772043.82
8160.0,76.0,5.0,19.0,2024-10-02 00:00:00,89643.83,1703232.7
8161.0,9.0,14.0,14.0,2024-07-09 00:00:00,124671.11,1745395.59
8162.0,67.0,13.0,2.0,2021-01-03 00:00:00,212080.3,424160.6
8163.0,15.0,17.0,12.0,2023-04-09 00:00:00,153139.95,1837679.43
8164.0,54.0,7.0,19.0,2022-06-24 00:00:00,144200.98,2739818.66
8166.0,2.0,15.0,4.0,2021-11-12 00:00:00,100800.0,403200.0
8168.0,50.0,19.0,18.0,2023-03-27 00:00:00,97975.25,1763554.5
8172.0,10.0,16.0,17.0,2022-05-01 00:00:00,114202.42,1941441.21
8173.0,17.0,3.0,1.0,2023-09-08 00:00:00,97503.78,97503.78
8175.0,94.0,6.0,20.0,2024-09-06 00:00:00,185769.88,3715397.67
8176.0,77.0,6.0,7.0,2023-04-13 00:00:00,179200.0,1254400.0
8178.0,85.0,11.0,9.0,2022-08-19 00:00:00,145709.73,1311387.6
8181.0,30.0,6.0,21.0,2023-08-22 00:00:00,179962.29,3779208.1
8182.0,17.0,3.0,10.0,2021-04-08 00:00:00,93425.55,934255.51
8185.0,65.0,11.0,12.0,2021-12-15 00:00:00,162826.63,1953919.54
8186.0,64.0,2.0,10.0,2022-05-05 00:00:00,176846.45,1768464.46
8187.0,14.0,3.0,12.0,2022-01-03 00:00:00,102591.55,1231098.58
8188.0,55.0,9.0,3.0,2022-02-11 00:00:00,110371.6,331114.82
8191.0,17.0,11.0,19.0,2021-04-21 00:00:00,163600.2,3108403.86
8192.0,7.0,17.0,21.0,2023-05-11 00:00:00,175149.55,3678140.49
8193.0,79.0,7.0,2.0,2024-04-07 00:00:00,137473.61,274947.22
8198.0,79.0,14.0,20.0,2021-07-08 00:00:00,117162.4,2343248.06
8202.0,78.0,16.0,3.0,2023-12-05 00:00:00,110481.78,331445.35
8206.0,26.0,2.0,10.0,2024-09-08 00:00:00,160228.08,1602280.81
8209.0,67.0,8.0,2.0,2024-05-20 00:00:00,160164.41,320328.81
8211.0,97.0,17.0,16.0,2022-04-10 00:00:00,162490.36,2599845.83
8214.0,34.0,4.0,20.0,2020-11-11 00:00:00,118095.21,2361904.18
8216.0,49.0,12.0,2.0,2024-04-11 00:00:00,84822.89,169645.77
8218.0,14.0,18.0,12.0,2024-04-28 00:00:00,121514.41,1458172.97
8220.0,78.0,19.0,11.0,2022-10-12 00:00:00,100886.36,1109749.98
8223.0,13.0,3.0,13.0,2021-06-11 00:00:00,100262.85,1303417.1
8224.0,48.0,1.0,9.89,2021-05-26 00:00:00,140914.59,1394173.69
8225.0,25.0,18.0,8.0,2021-07-30 00:00:00,139401.43,1115211.43
8226.0,19.0,17.0,11.0,2021-01-13 00:00:00,178123.19,1959355.06
8233.0,26.0,11.0,7.0,2024-06-25 00:00:00,149704.38,1047930.68
8234.0,85.0,20.0,17.0,2022-01-24 00:00:00,236817.06,4025889.96
8237.0,52.0,8.0,8.0,2021-09-09 00:00:00,140597.62,1124780.98
8238.0,34.0,11.0,15.0,2023-03-22 00:00:00,154714.9,2320723.53
8239.0,58.0,17.0,10.0,2022-04-21 00:00:00,178844.9,1788449.03
8240.0,71.0,5.0,18.0,2024-06-08 00:00:00,77622.75,1397209.58
8241.0,9.0,2.0,11.0,2024-05-09 00:00:00,168000.0,1848000.0
8247.0,72.0,20.0,3.0,2022-02-07 00:00:00,226704.7,680114.11
8250.0,52.0,20.0,3.0,2021-05-26 00:00:00,228529.28,685587.85
8251.0,86.0,12.0,19.0,2021-11-06 00:00:00,88596.71,1683337.57
8252.0,30.0,20.0,15.0,2023-03-01 00:00:00,230739.0,3461085.02
8254.0,93.0,6.0,12.0,2021-06-14 00:00:00,189220.84,2270650.07
8255.0,96.0,1.0,2.0,2023-08-07 00:00:00,152346.79,304693.59
8260.0,79.0,19.0,19.0,2022-08-07 00:00:00,92672.88,1760784.72
8268.0,28.0,3.0,8.0,2024-01-21 00:00:00,98207.16,785657.24
8269.0,64.0,18.0,10.97,2021-10-02 00:00:00,123124.0,1351266.59
8274.0,32.0,1.0,2.0,2024-09-15 00:00:00,145361.67,290723.34
8275.0,51.0,15.0,6.0,2022-03-17 00:00:00,92839.29,557035.72
8277.0,64.0,8.0,4.0,2021-07-02 00:00:00,163544.73,654178.9
8281.0,18.0,8.0,8.0,2022-03-16 00:00:00,144379.67,1155037.38
8288.0,12.0,7.0,2.0,2022-03-12 00:00:00,161678.33,323356.66
8291.0,34.0,20.0,10.85,2021-11-08 00:00:00,224000.0,2430060.61
8294.0,6.0,11.0,3.0,2023-12-26 00:00:00,141940.93,425822.78
8300.0,75.0,14.0,8.0,2022-01-08 00:00:00,122127.8,977022.42
8303.0,19.0,13.0,19.0,2022-04-13 00:00:00,196000.0,3724000.0
8305.0,31.0,19.0,19.0,2021-01-08 00:00:00,88515.27,1681790.14
8307.0,83.0,3.0,21.0,2024-08-02 00:00:00,100800.0,2116800.0
8312.0,73.0,2.0,8.0,2022-10-30 00:00:00,177167.06,1417336.5
8314.0,45.0,16.0,6.0,2022-01-28 00:00:00,101153.23,606919.36
8316.0,19.0,8.0,10.0,2022-06-07 00:00:00,141085.44,1410854.42
8319.0,58.0,13.0,4.0,2022-04-17 00:00:00,179570.01,718280.05
8320.0,100.0,17.0,13.0,2022-07-12 00:00:00,167684.11,2179893.37
8321.0,82.0,17.0,10.0,2023-02-09 00:00:00,180432.62,1804326.22
8323.0,81.0,2.0,0.0,2023-04-10 00:00:00,168000.0,0.0
8326.0,95.0,6.0,12.0,2024-06-21 00:00:00,179200.0,2150400.0
8327.0,100.0,17.0,11.0,2021-09-19 00:00:00,152166.5,1673831.5
8330.0,30.0,6.0,9.0,2023-09-05 00:00:00,177688.48,1599196.32
8331.0,65.0,8.0,10.56,2023-04-10 00:00:00,138101.97,1458512.67
8332.0,15.0,15.0,1.0,2021-01-16 00:00:00,106511.39,106511.39
8334.0,79.0,4.0,9.0,2021-03-13 00:00:00,123839.87,1114558.82
8336.0,1.0,2.0,5.0,2022-07-04 00:00:00,162164.24,810821.2
8337.0,40.0,5.0,4.0,2023-09-29 00:00:00,92373.89,369495.54
8338.0,54.0,9.0,10.0,2024-06-30 00:00:00,121363.74,1213637.42
8341.0,50.0,12.0,5.0,2021-06-07 00:00:00,84942.53,424712.67
8342.0,43.0,13.0,21.0,2021-06-20 00:00:00,203354.54,4270445.29
8343.0,10.0,6.0,11.0,2023-07-05 00:00:00,179574.46,1975319.11
8345.0,82.0,14.0,9.0,2023-02-21 00:00:00,131115.06,1180035.54
8347.0,72.0,14.0,17.0,2020-11-29 00:00:00,119541.11,2032198.82
8349.0,70.0,17.0,12.0,2024-01-24 00:00:00,179499.86,2153998.33
8352.0,55.0,4.0,2.0,2021-08-22 00:00:00,129531.24,259062.48
8354.0,99.0,4.0,10.76,2021-05-09 00:00:00,123200.0,1325111.55
8355.0,92.0,7.0,10.41,2024-04-26 00:00:00,137772.79,1434328.85
8356.0,91.0,3.0,15.0,2020-12-15 00:00:00,99230.29,1488454.36
8357.0,22.0,5.0,3.0,2023-05-17 00:00:00,78825.15,236475.46
8362.0,1.0,20.0,10.85,2022-12-20 00:00:00,234054.11,2539132.44
8365.0,16.0,17.0,10.97,2022-07-14 00:00:00,168000.0,1842909.09
8366.0,55.0,3.0,10.05,2022-08-09 00:00:00,99636.93,1001250.68
8372.0,13.0,15.0,13.0,2021-10-29 00:00:00,106824.87,1388723.32
8378.0,36.0,9.0,3.0,2024-08-29 00:00:00,103634.55,310903.66
8382.0,53.0,6.0,10.63,2024-10-23 00:00:00,182529.6,1939566.59
8383.0,59.0,15.0,7.0,2023-04-05 00:00:00,100853.0,705970.99
8384.0,27.0,6.0,16.0,2024-05-26 00:00:00,192380.78,3078092.5
8389.0,18.0,17.0,15.0,2022-06-15 00:00:00,181280.79,2719211.92
8394.0,69.0,18.0,18.0,2023-10-29 00:00:00,121818.65,2192735.78
8398.0,53.0,19.0,6.0,2023-05-07 00:00:00,102328.79,613972.74
8403.0,100.0,5.0,10.0,2024-03-15 00:00:00,76466.23,764662.31
8405.0,77.0,11.0,11.0,2024-10-24 00:00:00,149201.77,1641219.47
8406.0,50.0,9.0,1.0,2024-07-01 00:00:00,117659.42,117659.42
8407.0,72.0,10.0,10.42,2021-10-13 00:00:00,96986.56,1010909.14
8408.0,95.0,3.0,12.0,2023-08-05 00:00:00,100377.49,1204529.88
8409.0,23.0,15.0,10.0,2022-01-25 00:00:00,100800.0,1008000.0
8410.0,13.0,15.0,10.0,2021-03-08 00:00:00,95957.53,959575.27
8411.0,33.0,7.0,13.0,2021-07-15 00:00:00,143333.8,1863339.46
8412.0,8.0,8.0,7.0,2022-06-20 00:00:00,163942.92,1147600.45
8413.0,35.0,17.0,4.0,2021-08-01 00:00:00,159956.64,639826.55
8414.0,99.0,4.0,17.0,2023-06-22 00:00:00,125566.97,2134638.54
8416.0,39.0,12.0,5.0,2022-03-06 00:00:00,90875.1,454375.49
8417.0,95.0,14.0,3.0,2023-07-04 00:00:00,128800.0,386400.0
8419.0,5.0,1.0,15.0,2024-06-06 00:00:00,143453.7,2151805.52
8420.0,31.0,13.0,8.0,2022-06-11 00:00:00,207669.15,1661353.18
8423.0,98.0,7.0,10.0,2024-06-23 00:00:00,152256.75,1522567.51
8427.0,61.0,15.0,9.97,2023-12-27 00:00:00,108361.19,1080806.45
8430.0,89.0,2.0,13.0,2021-11-11 00:00:00,153137.34,1990785.48
8431.0,78.0,16.0,14.0,2022-11-12 00:00:00,98246.25,1375447.54
8434.0,73.0,10.0,8.0,2021-11-30 00:00:00,98451.26,787610.07
8437.0,14.0,8.0,7.0,2021-04-24 00:00:00,151200.0,1058400.0
8440.0,40.0,8.0,2.0,2024-05-21 00:00:00,159643.88,319287.76
8444.0,37.0,4.0,18.0,2022-03-01 00:00:00,129634.99,2333429.91
8445.0,27.0,17.0,14.0,2022-02-23 00:00:00,164833.9,2307674.63
8451.0,80.0,10.0,20.0,2021-01-01 00:00:00,97623.76,1952475.25
8452.0,99.0,5.0,15.0,2022-07-01 00:00:00,80460.61,1206909.17
8453.0,65.0,18.0,8.0,2023-10-17 00:00:00,132923.02,1063384.2
8454.0,79.0,19.0,5.0,2021-06-25 00:00:00,93198.86,465994.31
8457.0,21.0,18.0,10.0,2021-04-13 00:00:00,121181.02,1211810.22
8463.0,64.0,8.0,7.0,2021-07-17 00:00:00,151687.2,1061810.41
8465.0,73.0,4.0,1.0,2022-08-11 00:00:00,129985.6,129985.6
8466.0,21.0,7.0,10.41,2022-12-10 00:00:00,146138.78,1521425.73
8467.0,84.0,13.0,10.73,2023-06-12 00:00:00,183559.17,1969495.09
8470.0,74.0,7.0,10.41,2021-09-03 00:00:00,166163.29,1729897.39
8475.0,78.0,6.0,4.0,2023-07-22 00:00:00,169196.99,676787.96
8476.0,32.0,17.0,15.0,2023-10-16 00:00:00,165088.05,2476320.76
8479.0,73.0,4.0,20.0,2022-01-04 00:00:00,129211.85,2584237.07
8480.0,48.0,18.0,9.0,2024-06-02 00:00:00,127390.95,1146518.58
8483.0,35.0,19.0,9.0,2023-12-17 00:00:00,100462.8,904165.21
8484.0,76.0,11.0,16.0,2021-07-25 00:00:00,148635.36,2378165.81
8487.0,21.0,3.0,16.0,2023-11-27 00:00:00,109628.55,1754056.84
8495.0,87.0,17.0,18.0,2022-09-10 00:00:00,167016.88,3006303.88
8498.0,14.0,2.0,18.0,2021-11-07 00:00:00,170476.4,3068575.15
8500.0,64.0,2.0,17.0,2023-09-03 00:00:00,162805.2,2767688.46
8501.0,56.0,11.0,12.0,2023-08-21 00:00:00,171635.45,2059625.41
8504.0,60.0,16.0,16.0,2024-01-08 00:00:00,103732.45,1659719.24
8506.0,86.0,20.0,12.0,2022-07-10 00:00:00,223708.14,2684497.67
8507.0,48.0,19.0,8.0,2020-12-14 00:00:00,86293.12,690344.96
8508.0,97.0,8.0,4.0,2022-10-12 00:00:00,162814.9,651259.6
8509.0,30.0,10.0,21.0,2023-10-21 00:00:00,90618.28,1902983.94
8511.0,96.0,14.0,15.0,2024-04-24 00:00:00,136564.26,2048463.88
8512.0,2.0,11.0,14.0,2022-10-15 00:00:00,156800.0,2195200.0
8514.0,27.0,12.0,10.0,2024-06-05 00:00:00,78846.19,788461.89
8516.0,69.0,15.0,0.0,2022-06-10 00:00:00,93149.1,0.0
8521.0,92.0,6.0,9.0,2024-06-09 00:00:00,185414.99,1668734.93
8525.0,15.0,12.0,6.0,2022-05-12 00:00:00,88995.56,533973.38
8527.0,85.0,9.0,10.46,2022-01-03 00:00:00,123109.13,1287423.05
8530.0,70.0,16.0,4.0,2023-07-03 00:00:00,115187.67,460750.68
8532.0,4.0,18.0,20.0,2021-08-03 00:00:00,143567.34,2871346.82
8535.0,38.0,11.0,14.0,2022-04-13 00:00:00,152497.56,2134965.88
8539.0,62.0,12.0,11.0,2021-05-08 00:00:00,87310.23,960412.55
8543.0,37.0,15.0,9.97,2023-05-12 00:00:00,100800.0,1005390.29
8544.0,27.0,12.0,16.0,2024-06-06 00:00:00,79872.53,1277960.55
8546.0,18.0,18.0,14.0,2021-03-09 00:00:00,140959.27,1973429.75
8547.0,90.0,11.0,6.0,2021-01-26 00:00:00,153964.47,923786.84
8549.0,33.0,13.0,10.0,2021-10-14 00:00:00,181350.81,1813508.05
8552.0,71.0,5.0,4.0,2021-01-27 00:00:00,84000.0,336000.0
8553.0,42.0,12.0,13.0,2022-06-21 00:00:00,83546.01,1086098.07
8554.0,49.0,20.0,17.0,2024-07-26 00:00:00,227956.51,3875260.72
8555.0,64.0,14.0,11.0,2022-02-09 00:00:00,129423.39,1423657.28
8556.0,71.0,12.0,20.0,2023-07-18 00:00:00,76349.78,1526995.55
8557.0,47.0,9.0,12.0,2022-07-22 00:00:00,112000.0,1344000.0
8558.0,19.0,9.0,19.0,2021-12-16 00:00:00,123052.6,2337999.31
8563.0,34.0,20.0,5.0,2022-11-08 00:00:00,217669.58,1088347.91
8565.0,39.0,18.0,16.0,2023-11-05 00:00:00,140349.89,2245598.19
8566.0,28.0,7.0,17.0,2024-10-24 00:00:00,148118.84,2518020.2
8569.0,54.0,2.0,10.58,2021-01-29 00:00:00,162629.75,1720217.4
8572.0,72.0,2.0,20.0,2023-08-31 00:00:00,153475.86,3069517.28
8576.0,38.0,17.0,3.0,2022-11-06 00:00:00,180004.46,540013.37
8577.0,96.0,14.0,6.0,2023-11-23 00:00:00,135556.92,813341.51
8579.0,2.0,5.0,13.0,2024-10-03 00:00:00,80691.02,1048983.25
8581.0,8.0,2.0,2.0,2023-01-11 00:00:00,156752.15,313504.31
8585.0,8.0,7.0,3.0,2021-01-31 00:00:00,162158.18,486474.53
8587.0,14.0,19.0,10.3,2020-12-12 00:00:00,94961.25,977707.54
8588.0,42.0,10.0,10.42,2024-10-28 00:00:00,82034.9,855065.2
8589.0,20.0,3.0,5.0,2021-12-09 00:00:00,106525.43,532627.17
8592.0,5.0,2.0,3.0,2023-08-19 00:00:00,183648.51,550945.53
8593.0,22.0,11.0,11.06,2023-04-22 00:00:00,159500.16,1764182.36
8594.0,65.0,6.0,18.0,2022-06-13 00:00:00,179200.0,3225600.0
8595.0,35.0,7.0,6.0,2021-08-17 00:00:00,138954.25,833725.5
8596.0,69.0,5.0,5.0,2023-09-16 00:00:00,86265.65,431328.25
8603.0,14.0,6.0,2.0,2024-11-01 00:00:00,164359.52,328719.05
8604.0,10.0,9.0,5.0,2023-07-12 00:00:00,106448.24,532241.18
8614.0,23.0,3.0,8.0,2022-03-10 00:00:00,99278.05,794224.41
8615.0,1.0,2.0,12.0,2021-11-24 00:00:00,153199.89,1838398.63
8619.0,30.0,5.0,6.0,2024-10-14 00:00:00,89508.93,537053.6
8621.0,26.0,20.0,3.0,2022-04-24 00:00:00,224000.0,672000.0
8624.0,62.0,11.0,5.0,2021-08-15 00:00:00,171019.2,855095.98
8625.0,69.0,2.0,3.0,2022-06-20 00:00:00,168000.0,504000.0
8626.0,92.0,7.0,3.0,2022-08-01 00:00:00,162701.47,488104.4
8627.0,68.0,11.0,19.0,2021-01-10 00:00:00,166640.53,3166170.1
8629.0,27.0,15.0,10.0,2021-11-24 00:00:00,99105.91,991059.05
8631.0,77.0,9.0,10.46,2022-03-05 00:00:00,106045.26,1108976.33
8633.0,4.0,13.0,15.0,2021-10-05 00:00:00,178770.76,2681561.39
8634.0,29.0,5.0,18.0,2021-04-25 00:00:00,77522.14,1395398.45
8635.0,100.0,17.0,1.0,2022-03-26 00:00:00,181850.79,181850.79
8636.0,29.0,6.0,10.63,2024-02-21 00:00:00,168076.04,1785982.53
8637.0,19.0,6.0,12.0,2022-01-29 00:00:00,179200.0,2150400.0
8640.0,49.0,5.0,1.0,2024-09-05 00:00:00,76565.66,76565.66
8641.0,78.0,20.0,15.0,2021-04-23 00:00:00,244984.46,3674766.86
8655.0,67.0,6.0,9.0,2021-05-30 00:00:00,175496.87,1579471.82
8656.0,82.0,5.0,14.0,2023-07-20 00:00:00,90412.62,1265776.71
8657.0,14.0,5.0,16.0,2024-08-03 00:00:00,82327.82,1317245.15
8658.0,22.0,15.0,9.97,2022-12-15 00:00:00,100090.02,998308.85
8659.0,39.0,12.0,3.0,2022-05-12 00:00:00,83038.46,249115.39
8660.0,32.0,7.0,11.0,2021-02-15 00:00:00,136449.42,1500943.58
8661.0,4.0,14.0,8.0,2021-10-14 00:00:00,120132.41,961059.26
8662.0,5.0,4.0,18.0,2024-06-20 00:00:00,123200.0,2217600.0
8666.0,91.0,15.0,3.0,2022-06-18 00:00:00,100800.0,302400.0
8667.0,97.0,11.0,5.0,2021-05-17 00:00:00,147069.17,735345.85
8669.0,26.0,18.0,10.97,2022-10-27 00:00:00,147167.12,1615135.99
8670.0,55.0,15.0,2.0,2022-06-24 00:00:00,93015.48,186030.96
8672.0,6.0,15.0,6.0,2024-08-29 00:00:00,91508.73,549052.4
8674.0,55.0,4.0,17.0,2024-07-05 00:00:00,134579.6,2287853.12
8675.0,58.0,10.0,16.0,2020-11-18 00:00:00,84212.91,1347406.55
8678.0,44.0,5.0,19.0,2022-01-10 00:00:00,77062.5,1464187.41
8685.0,57.0,19.0,9.0,2021-07-14 00:00:00,103278.56,929507.06
8687.0,36.0,19.0,9.0,2023-06-28 00:00:00,90112.76,811014.82
8691.0,61.0,11.0,7.0,2021-08-04 00:00:00,143757.22,1006300.54
8695.0,85.0,12.0,10.4,2024-07-04 00:00:00,84000.0,873917.98
8699.0,74.0,10.0,18.0,2021-02-23 00:00:00,88719.56,1596952.03
8700.0,85.0,13.0,6.0,2022-02-02 00:00:00,200067.34,1200404.05
8701.0,7.0,4.0,10.76,2022-03-14 00:00:00,130299.61,1401473.31
8702.0,92.0,18.0,18.0,2022-10-19 00:00:00,142095.23,2557714.11
8703.0,97.0,16.0,8.0,2023-02-26 00:00:00,115642.49,925139.91
8705.0,6.0,1.0,18.0,2021-08-22 00:00:00,138837.22,2499069.87
8706.0,90.0,17.0,10.97,2024-01-03 00:00:00,168349.47,1846742.67
8707.0,49.0,4.0,12.0,2021-11-11 00:00:00,127214.34,1526572.05
8708.0,83.0,5.0,17.0,2021-05-06 00:00:00,90182.62,1533104.54
8710.0,41.0,1.0,7.0,2022-12-07 00:00:00,136033.4,952233.8
8718.0,37.0,6.0,1.0,2021-05-11 00:00:00,167628.99,167628.99
8720.0,87.0,10.0,12.0,2022-07-22 00:00:00,91870.96,1102451.48
8724.0,22.0,19.0,18.0,2023-01-11 00:00:00,95200.0,1713600.0
8726.0,88.0,16.0,5.0,2021-03-19 00:00:00,103330.59,516652.94
8727.0,15.0,10.0,16.0,2023-07-24 00:00:00,89163.54,1426616.72
8729.0,52.0,16.0,3.0,2022-07-25 00:00:00,113278.92,339836.77
8730.0,62.0,20.0,8.0,2023-02-27 00:00:00,230687.7,1845501.59
8731.0,43.0,5.0,10.0,2022-10-07 00:00:00,77041.7,770417.03
8732.0,72.0,8.0,16.0,2023-06-03 00:00:00,162075.01,2593200.24
8736.0,86.0,7.0,9.0,2024-03-12 00:00:00,152420.65,1371785.86
8737.0,48.0,2.0,12.0,2022-12-10 00:00:00,184537.69,2214452.27
8738.0,9.0,8.0,6.0,2021-12-03 00:00:00,142785.95,856715.68
8741.0,7.0,10.0,16.0,2024-03-19 00:00:00,89600.0,1433600.0
8742.0,71.0,13.0,16.0,2024-04-08 00:00:00,214952.03,3439232.45
8743.0,49.0,11.0,19.0,2023-06-25 00:00:00,154658.31,2938507.83
8745.0,76.0,20.0,16.0,2023-12-23 00:00:00,218351.1,3493617.57
8746.0,69.0,20.0,10.0,2022-08-05 00:00:00,224000.0,2240000.0
8752.0,73.0,18.0,5.0,2023-05-24 00:00:00,144715.61,723578.04
8758.0,41.0,3.0,3.0,2021-08-28 00:00:00,106949.21,320847.63
8762.0,12.0,14.0,4.0,2021-09-21 00:00:00,141006.05,564024.21
8763.0,25.0,4.0,14.0,2021-01-12 00:00:00,113692.29,1591692.09
8766.0,96.0,18.0,11.0,2021-02-22 00:00:00,134400.0,1478400.0
8767.0,86.0,9.0,9.0,2024-08-06 00:00:00,118226.04,1064034.33
8768.0,35.0,12.0,11.0,2021-11-05 00:00:00,87250.49,959755.39
8769.0,27.0,12.0,6.0,2024-06-20 00:00:00,80414.8,482488.8
8770.0,14.0,7.0,5.0,2022-03-14 00:00:00,146241.74,731208.68
8773.0,40.0,4.0,5.0,2022-02-07 00:00:00,114242.87,571214.35
8774.0,50.0,14.0,19.0,2021-02-03 00:00:00,122494.24,2327390.65
8776.0,18.0,16.0,16.0,2021-03-02 00:00:00,102665.05,1642640.74
8779.0,76.0,20.0,19.0,2021-12-05 00:00:00,224000.0,4256000.0
8785.0,80.0,19.0,13.0,2021-07-24 00:00:00,97909.31,1272820.98
8789.0,53.0,6.0,21.0,2022-10-12 00:00:00,183007.0,3843146.95
8791.0,30.0,8.0,10.56,2023-01-03 00:00:00,162560.01,1716817.13
8797.0,26.0,1.0,6.0,2021-01-04 00:00:00,139786.76,838720.53
8801.0,25.0,20.0,17.0,2021-07-05 00:00:00,224000.0,3808000.0
8802.0,29.0,3.0,8.0,2020-12-16 00:00:00,110034.36,880274.91
8804.0,75.0,18.0,4.0,2021-02-21 00:00:00,145808.21,583232.84
8807.0,86.0,6.0,4.0,2021-01-28 00:00:00,168536.86,674147.42
8808.0,66.0,12.0,11.0,2024-06-06 00:00:00,89051.89,979570.81
8811.0,41.0,6.0,17.0,2024-09-27 00:00:00,196542.16,3341216.8
8812.0,96.0,13.0,3.0,2021-08-05 00:00:00,195622.77,586868.31
8814.0,57.0,16.0,15.0,2021-12-26 00:00:00,99602.38,1494035.72
8817.0,83.0,2.0,4.0,2024-08-13 00:00:00,168000.0,672000.0
8818.0,11.0,16.0,17.0,2021-02-14 00:00:00,106800.47,1815607.96
8819.0,20.0,13.0,21.0,2024-03-14 00:00:00,202668.35,4256035.41
8825.0,51.0,17.0,14.0,2024-08-19 00:00:00,162720.97,2278093.54
8826.0,82.0,5.0,14.0,2023-02-10 00:00:00,84000.0,1176000.0
8828.0,12.0,20.0,3.0,2022-11-29 00:00:00,238213.8,714641.4
8830.0,11.0,20.0,10.0,2021-04-19 00:00:00,236730.98,2367309.77
8831.0,67.0,6.0,11.0,2022-10-11 00:00:00,176528.72,1941815.96
8832.0,40.0,5.0,15.0,2021-02-14 00:00:00,83459.67,1251894.98
8833.0,38.0,12.0,10.4,2023-09-19 00:00:00,79028.58,822196.42
8835.0,3.0,2.0,16.0,2024-03-17 00:00:00,183675.68,2938810.89
8837.0,90.0,9.0,7.0,2021-01-22 00:00:00,112666.98,788668.88
8839.0,29.0,6.0,16.0,2021-01-08 00:00:00,186506.0,2984096.0
8842.0,18.0,15.0,13.0,2022-09-07 00:00:00,96550.32,1255154.2
8843.0,17.0,7.0,7.0,2023-05-23 00:00:00,165701.08,1159907.56
8846.0,74.0,1.0,19.0,2022-09-24 00:00:00,138371.35,2629055.6
8849.0,78.0,12.0,9.0,2024-02-11 00:00:00,86671.79,780046.08
8851.0,20.0,15.0,17.0,2021-05-28 00:00:00,106719.18,1814226.1
8852.0,21.0,9.0,12.0,2020-11-25 00:00:00,115339.07,1384068.82
8855.0,85.0,15.0,6.0,2023-05-20 00:00:00,96265.96,577595.78
8857.0,33.0,19.0,13.0,2021-08-02 00:00:00,98226.2,1276940.63
8866.0,42.0,3.0,7.0,2023-10-20 00:00:00,92842.72,649899.05
8868.0,3.0,18.0,7.0,2024-05-02 00:00:00,137582.69,963078.84
8869.0,65.0,6.0,10.63,2021-04-11 00:00:00,170661.33,1813453.88
8870.0,72.0,2.0,10.58,2024-10-03 00:00:00,181403.87,1918800.84
8874.0,13.0,18.0,10.0,2021-08-21 00:00:00,122570.8,1225707.95
8876.0,56.0,18.0,10.97,2024-03-05 00:00:00,140249.15,1539212.36
8877.0,38.0,19.0,4.0,2022-12-07 00:00:00,100467.78,401871.12
8879.0,96.0,7.0,10.0,2023-07-25 00:00:00,146480.91,1464809.09
8880.0,85.0,2.0,15.0,2021-04-23 00:00:00,176487.02,2647305.24
8885.0,51.0,6.0,6.0,2022-01-11 00:00:00,195486.9,1172921.38
8886.0,53.0,6.0,14.0,2021-07-03 00:00:00,188573.76,2640032.62
8887.0,94.0,1.0,1.0,2023-01-03 00:00:00,131382.73,131382.73
8889.0,15.0,20.0,13.0,2022-09-10 00:00:00,245837.94,3195893.27
8893.0,19.0,9.0,15.0,2021-05-18 00:00:00,112000.0,1680000.0
8894.0,97.0,11.0,11.06,2022-05-25 00:00:00,164253.56,1816758.31
8896.0,49.0,3.0,6.0,2021-01-30 00:00:00,100800.0,604800.0
8899.0,48.0,4.0,10.76,2021-12-05 00:00:00,130500.56,1403634.77
8901.0,26.0,1.0,3.0,2021-04-29 00:00:00,146427.72,439283.15
8905.0,76.0,18.0,20.0,2023-02-24 00:00:00,139048.74,2780974.79
8906.0,5.0,8.0,14.0,2023-06-06 00:00:00,151200.0,2116800.0
8910.0,14.0,16.0,18.0,2024-07-21 00:00:00,116010.33,2088185.91
8913.0,80.0,14.0,18.0,2023-03-09 00:00:00,123649.53,2225691.57
8914.0,25.0,13.0,10.73,2022-04-18 00:00:00,204577.44,2195010.17
8916.0,62.0,16.0,8.0,2021-01-07 00:00:00,112596.83,900774.66
8918.0,1.0,10.0,3.0,2022-01-06 00:00:00,83467.76,250403.28
8919.0,89.0,6.0,11.0,2023-10-06 00:00:00,165443.83,1819882.13
8920.0,63.0,1.0,10.0,2023-11-25 00:00:00,129692.03,1296920.29
8925.0,41.0,7.0,4.0,2023-04-29 00:00:00,155970.56,623882.26
8927.0,34.0,1.0,12.0,2021-06-29 00:00:00,141809.93,1701719.12
8928.0,33.0,2.0,3.0,2023-12-12 00:00:00,176034.13,528102.38
8932.0,81.0,12.0,2.0,2020-12-08 00:00:00,77262.97,154525.93
8935.0,64.0,7.0,7.0,2020-12-22 00:00:00,138532.85,969729.93
8936.0,56.0,19.0,1.0,2023-09-03 00:00:00,92881.0,92881.0
8939.0,57.0,18.0,2.0,2022-08-16 00:00:00,140864.17,281728.35
8946.0,4.0,8.0,10.0,2022-12-11 00:00:00,140053.28,1400532.84
8947.0,88.0,5.0,11.0,2024-05-18 00:00:00,80147.77,881625.5
8948.0,34.0,6.0,10.63,2023-04-14 00:00:00,195888.02,2081513.7
8949.0,13.0,17.0,16.0,2024-02-12 00:00:00,158823.08,2541169.35
8950.0,47.0,16.0,0.0,2022-08-21 00:00:00,106400.0,0.0
8951.0,8.0,19.0,8.0,2020-10-31 00:00:00,95200.0,761600.0
8953.0,94.0,1.0,6.0,2022-01-29 00:00:00,140531.55,843189.32
8955.0,35.0,7.0,4.0,2022-12-05 00:00:00,139248.68,556994.7
8956.0,51.0,18.0,17.0,2022-12-12 00:00:00,145150.07,2467551.24
8957.0,82.0,3.0,4.0,2021-03-09 00:00:00,107785.32,431141.26
8958.0,29.0,6.0,19.0,2023-03-24 00:00:00,196647.79,3736308.04
8959.0,46.0,12.0,21.0,2024-10-20 00:00:00,83731.43,1758360.03
8961.0,43.0,2.0,18.0,2024-02-21 00:00:00,169694.83,3054506.97
8962.0,83.0,4.0,9.0,2021-07-09 00:00:00,133454.08,1201086.7
8963.0,41.0,19.0,10.0,2023-07-08 00:00:00,95626.43,956264.25
8968.0,42.0,3.0,10.0,2021-06-15 00:00:00,102410.27,1024102.67
8969.0,1.0,18.0,19.0,2022-06-17 00:00:00,133210.33,2530996.31
8972.0,54.0,10.0,10.42,2021-10-12 00:00:00,96417.57,1004978.54
8973.0,33.0,12.0,13.0,2022-06-23 00:00:00,83877.37,1090405.86
8974.0,23.0,9.0,6.0,2021-09-23 00:00:00,102909.6,617457.63
8981.0,86.0,19.0,5.0,2022-10-18 00:00:00,101227.97,506139.84
8983.0,89.0,9.0,4.0,2022-03-10 00:00:00,112000.0,448000.0
8986.0,7.0,20.0,18.0,2022-03-28 00:00:00,202520.38,3645366.85
8989.0,18.0,7.0,12.0,2022-01-17 00:00:00,161871.48,1942457.73
8995.0,53.0,7.0,10.0,2021-02-06 00:00:00,166203.66,1662036.59
9001.0,27.0,7.0,14.0,2024-07-19 00:00:00,137549.53,1925693.47
9002.0,49.0,11.0,20.0,2023-07-10 00:00:00,155412.63,3108252.58
9005.0,72.0,2.0,13.0,2021-08-22 00:00:00,155289.25,2018760.24
9010.0,23.0,20.0,5.0,2021-09-24 00:00:00,239593.37,1197966.83
9011.0,34.0,19.0,15.0,2024-06-23 00:00:00,98889.77,1483346.48
9012.0,25.0,20.0,13.0,2021-03-25 00:00:00,242967.94,3158583.17
9015.0,62.0,15.0,7.0,2021-09-29 00:00:00,95851.97,670963.76
9016.0,76.0,15.0,16.0,2023-04-16 00:00:00,101616.79,1625868.57
9018.0,5.0,10.0,2.0,2023-12-08 00:00:00,88016.14,176032.27
9024.0,36.0,7.0,10.41,2021-01-15 00:00:00,157924.0,1644119.57
9027.0,38.0,19.0,7.0,2024-01-26 00:00:00,85944.59,601612.14
9032.0,60.0,12.0,11.0,2023-09-08 00:00:00,85168.85,936857.38
9033.0,69.0,12.0,20.0,2020-11-24 00:00:00,76476.69,1529533.82
9035.0,54.0,6.0,16.0,2021-12-09 00:00:00,169404.22,2710467.52
9040.0,42.0,12.0,10.0,2024-01-04 00:00:00,78175.3,781753.0
9041.0,74.0,3.0,2.0,2024-01-25 00:00:00,101916.95,203833.89
9043.0,69.0,12.0,7.0,2022-12-18 00:00:00,84000.0,588000.0
9044.0,98.0,18.0,10.97,2022-02-24 00:00:00,134400.0,1475018.87
9046.0,16.0,1.0,19.0,2022-10-20 00:00:00,136871.22,2600553.24
9048.0,62.0,6.0,16.0,2022-07-19 00:00:00,179211.8,2867388.83
9052.0,71.0,8.0,20.0,2023-04-01 00:00:00,137768.43,2755368.54
9053.0,32.0,14.0,5.0,2022-12-31 00:00:00,119871.26,599356.28
9054.0,83.0,8.0,2.0,2023-09-28 00:00:00,155829.83,311659.65
9059.0,31.0,15.0,9.97,2023-10-13 00:00:00,94964.42,947185.58
9060.0,4.0,19.0,9.0,2021-08-05 00:00:00,87627.77,788649.96
9063.0,3.0,2.0,10.58,2024-09-01 00:00:00,162222.22,1715906.74
9067.0,75.0,15.0,10.0,2021-10-14 00:00:00,95260.06,952600.57
9068.0,99.0,2.0,2.0,2021-12-12 00:00:00,183063.71,366127.42
9070.0,42.0,9.0,8.0,2021-03-16 00:00:00,110883.89,887071.11
9071.0,69.0,10.0,3.0,2022-02-01 00:00:00,92234.18,276702.54
9074.0,36.0,3.0,2.0,2020-12-12 00:00:00,105646.93,211293.87
9076.0,91.0,3.0,5.0,2023-05-06 00:00:00,108770.39,543851.95
9077.0,18.0,10.0,16.0,2023-05-08 00:00:00,89600.0,1433600.0
9079.0,85.0,6.0,9.0,2022-09-04 00:00:00,165056.91,1485512.19
9082.0,36.0,17.0,16.0,2021-07-14 00:00:00,163096.19,2609539.08
9088.0,10.0,8.0,17.0,2022-04-27 00:00:00,154431.63,2625337.64
9089.0,48.0,8.0,18.0,2024-06-26 00:00:00,147219.7,2649954.67
9091.0,98.0,12.0,1.0,2024-09-20 00:00:00,84000.0,84000.0
9092.0,39.0,6.0,7.0,2021-12-10 00:00:00,176632.2,1236425.39
9095.0,47.0,19.0,10.3,2023-08-05 00:00:00,100260.28,1032265.58
9097.0,12.0,17.0,15.0,2024-09-16 00:00:00,182055.92,2730838.83
9100.0,33.0,10.0,16.0,2022-07-29 00:00:00,80936.04,1294976.67
9103.0,54.0,16.0,7.0,2021-01-13 00:00:00,100055.7,700389.89
9105.0,11.0,8.0,10.56,2023-02-12 00:00:00,139835.19,1476817.37
9106.0,78.0,14.0,17.0,2024-01-04 00:00:00,125019.62,2125333.57
9114.0,61.0,5.0,10.33,2022-10-13 00:00:00,75826.07,783216.12
9116.0,22.0,19.0,10.3,2023-08-04 00:00:00,90684.09,933670.47
9118.0,69.0,2.0,15.0,2024-01-05 00:00:00,151246.0,2268689.97
9119.0,78.0,1.0,11.0,2023-01-10 00:00:00,141985.84,1561844.22
9120.0,85.0,2.0,5.0,2023-10-04 00:00:00,161625.82,808129.08
9122.0,56.0,14.0,2.0,2021-05-11 00:00:00,124924.37,249848.75
9127.0,3.0,20.0,17.0,2020-12-23 00:00:00,223190.93,3794245.73
9129.0,34.0,5.0,18.0,2021-06-12 00:00:00,82630.16,1487342.81
9131.0,83.0,19.0,9.0,2023-10-06 00:00:00,99358.67,894228.01
9135.0,33.0,4.0,19.0,2024-05-11 00:00:00,132756.74,2522377.98
9136.0,93.0,8.0,3.0,2022-10-31 00:00:00,149409.31,448227.92
9137.0,58.0,16.0,9.0,2022-06-03 00:00:00,105099.11,945892.01
9138.0,91.0,10.0,5.0,2023-07-30 00:00:00,87302.17,436510.84
9139.0,50.0,18.0,15.0,2023-10-09 00:00:00,122633.2,1839497.96
9140.0,58.0,14.0,5.0,2022-06-20 00:00:00,126979.17,634895.83
9141.0,77.0,15.0,15.0,2024-09-13 00:00:00,97549.67,1463245.12
9142.0,13.0,6.0,2.0,2022-08-29 00:00:00,168699.2,337398.4
9150.0,82.0,19.0,6.0,2022-08-18 00:00:00,87985.8,527914.77
9155.0,62.0,17.0,13.0,2023-06-08 00:00:00,157917.76,2052930.93
9159.0,89.0,11.0,19.0,2022-04-03 00:00:00,143666.73,2729667.85
9160.0,52.0,20.0,16.0,2022-04-05 00:00:00,238578.94,3817263.11
9163.0,97.0,17.0,18.0,2021-06-28 00:00:00,180664.58,3251962.48
9164.0,76.0,8.0,7.0,2021-09-21 00:00:00,157800.95,1104606.68
9165.0,30.0,2.0,10.0,2024-06-17 00:00:00,170905.57,1709055.7
9168.0,87.0,3.0,12.0,2024-03-02 00:00:00,100519.58,1206235.0
9171.0,68.0,5.0,13.0,2023-11-19 00:00:00,88604.12,1151853.56
9173.0,22.0,4.0,10.0,2021-04-20 00:00:00,112849.58,1128495.8
9176.0,11.0,13.0,20.0,2021-11-22 00:00:00,186266.27,3725325.33
9177.0,46.0,16.0,13.0,2023-12-17 00:00:00,106400.0,1383200.0
9178.0,30.0,19.0,15.0,2023-07-29 00:00:00,100969.19,1514537.78
9181.0,93.0,5.0,7.0,2022-10-20 00:00:00,77106.19,539743.33
9183.0,15.0,18.0,19.0,2024-07-11 00:00:00,132034.31,2508651.86
9188.0,92.0,17.0,14.0,2021-11-27 00:00:00,159061.98,2226867.72
9189.0,70.0,1.0,9.89,2024-01-04 00:00:00,140000.0,1385125.0
9190.0,70.0,11.0,9.0,2022-09-13 00:00:00,145315.86,1307842.72
9191.0,39.0,19.0,6.0,2022-12-04 00:00:00,95200.0,571200.0
9193.0,70.0,16.0,15.0,2022-11-05 00:00:00,112344.4,1685166.0
9194.0,18.0,19.0,4.0,2023-09-20 00:00:00,87866.03,351464.12
9199.0,82.0,4.0,15.0,2021-07-09 00:00:00,134830.89,2022463.29
9200.0,44.0,8.0,3.0,2022-07-03 00:00:00,140353.64,421060.91
9201.0,56.0,1.0,9.0,2023-04-24 00:00:00,153544.38,1381899.45
9203.0,34.0,15.0,13.0,2023-10-21 00:00:00,93762.04,1218906.52
9209.0,1.0,6.0,10.63,2023-07-15 00:00:00,179200.0,1904186.15
9210.0,8.0,1.0,18.0,2024-06-08 00:00:00,146552.11,2637938.04
9211.0,44.0,17.0,1.0,2021-08-11 00:00:00,167442.23,167442.23
9214.0,3.0,16.0,1.0,2022-08-10 00:00:00,102343.8,102343.8
9215.0,80.0,8.0,20.0,2022-10-19 00:00:00,137926.68,2758533.6
9217.0,54.0,14.0,2.0,2022-02-07 00:00:00,136245.35,272490.71
9219.0,88.0,8.0,18.0,2023-12-08 00:00:00,156427.95,2815703.18
9222.0,10.0,4.0,7.0,2022-08-31 00:00:00,128319.11,898233.8
9224.0,87.0,19.0,11.0,2023-04-20 00:00:00,89505.05,984555.58
9225.0,95.0,2.0,11.0,2022-11-11 00:00:00,180109.05,1981199.5
9226.0,100.0,8.0,3.0,2022-08-10 00:00:00,157673.9,473021.69
9227.0,77.0,16.0,15.0,2021-01-29 00:00:00,98826.75,1482401.2
9229.0,29.0,17.0,10.0,2022-03-25 00:00:00,163925.01,1639250.07
9233.0,41.0,15.0,14.0,2021-09-02 00:00:00,105094.95,1471329.28
9234.0,20.0,6.0,18.0,2024-07-14 00:00:00,176226.02,3172068.37
9235.0,11.0,17.0,7.0,2022-09-18 00:00:00,176546.42,1235824.93
9236.0,54.0,15.0,18.0,2023-06-05 00:00:00,108625.41,1955257.37
9239.0,62.0,1.0,10.0,2023-01-03 00:00:00,152943.45,1529434.53
9241.0,72.0,7.0,5.0,2024-03-05 00:00:00,136878.4,684391.99
9242.0,14.0,6.0,18.0,2024-07-29 00:00:00,183715.85,3306885.3
9243.0,60.0,9.0,18.0,2022-10-26 00:00:00,104653.54,1883763.75
9247.0,14.0,19.0,10.0,2021-05-11 00:00:00,95200.0,952000.0
9250.0,98.0,1.0,3.0,2021-06-09 00:00:00,127173.41,381520.23
9252.0,79.0,15.0,15.0,2023-09-18 00:00:00,103859.88,1557898.23
9254.0,25.0,4.0,10.0,2021-01-11 00:00:00,117481.49,1174814.89
9255.0,19.0,13.0,2.0,2023-09-10 00:00:00,202195.07,404390.15
9258.0,32.0,13.0,10.73,2022-02-09 00:00:00,182623.28,1959453.44
9260.0,10.0,1.0,18.0,2022-11-20 00:00:00,141622.15,2549198.72
9264.0,6.0,15.0,19.0,2021-10-08 00:00:00,91584.58,1740106.94
9265.0,20.0,12.0,10.0,2024-04-15 00:00:00,79470.72,794707.2
9270.0,8.0,18.0,18.0,2023-07-23 00:00:00,134164.12,2414954.19
9273.0,13.0,9.0,7.0,2024-03-04 00:00:00,110341.99,772393.96
9275.0,29.0,15.0,11.0,2022-12-20 00:00:00,101814.29,1119957.14
9278.0,78.0,20.0,10.85,2023-07-12 00:00:00,217903.59,2363923.81
9282.0,53.0,16.0,8.0,2022-08-12 00:00:00,106400.0,851200.0
9283.0,27.0,20.0,2.0,2022-12-02 00:00:00,229863.17,459726.34
9284.0,10.0,16.0,21.0,2022-07-04 00:00:00,97584.53,2049275.16
9285.0,100.0,2.0,8.0,2022-03-03 00:00:00,169151.43,1353211.45
9291.0,52.0,10.0,7.0,2024-04-18 00:00:00,86701.81,606912.7
9292.0,22.0,11.0,12.0,2021-05-28 00:00:00,150355.81,1804269.66
9293.0,32.0,1.0,5.0,2021-03-11 00:00:00,152089.64,760448.2
9294.0,45.0,6.0,1.0,2024-09-14 00:00:00,182359.61,182359.61
9295.0,98.0,11.0,13.0,2021-06-10 00:00:00,165479.75,2151236.76
9300.0,13.0,5.0,12.0,2023-10-05 00:00:00,88647.79,1063773.43
9301.0,19.0,3.0,16.0,2022-09-08 00:00:00,97933.02,1566928.25
9303.0,47.0,4.0,10.0,2021-10-11 00:00:00,125460.13,1254601.34
9307.0,83.0,18.0,9.0,2024-03-21 00:00:00,134400.0,1209600.0
9312.0,95.0,12.0,8.0,2021-06-06 00:00:00,87954.73,703637.81
9314.0,56.0,16.0,6.0,2022-08-21 00:00:00,112519.08,675114.5
9317.0,70.0,4.0,8.0,2020-12-03 00:00:00,129189.88,1033519.08
9318.0,10.0,3.0,1.0,2022-04-02 00:00:00,90744.04,90744.04
9320.0,85.0,11.0,13.0,2022-03-05 00:00:00,156800.0,2038400.0
9322.0,58.0,14.0,17.0,2021-07-15 00:00:00,119994.88,2039912.93
9327.0,68.0,12.0,10.4,2022-06-30 00:00:00,76527.96,796180.44
9334.0,2.0,2.0,9.0,2024-07-15 00:00:00,168000.0,1512000.0
9337.0,69.0,10.0,12.0,2021-09-22 00:00:00,86201.89,1034422.66
9338.0,27.0,20.0,12.0,2024-10-27 00:00:00,235104.55,2821254.62
9340.0,70.0,11.0,8.0,2023-12-12 00:00:00,170421.24,1363369.93
9341.0,53.0,4.0,13.0,2023-04-06 00:00:00,123370.19,1603812.41
9348.0,84.0,15.0,10.0,2021-10-02 00:00:00,106854.32,1068543.16
9350.0,68.0,8.0,2.0,2024-05-07 00:00:00,159548.65,319097.3
9351.0,63.0,10.0,7.0,2022-08-07 00:00:00,84174.7,589222.91
9352.0,37.0,17.0,14.0,2024-01-28 00:00:00,177678.05,2487492.75
9353.0,4.0,12.0,10.0,2024-02-23 00:00:00,86218.85,862188.51
9355.0,73.0,10.0,2.0,2022-03-06 00:00:00,89012.21,178024.41
9358.0,94.0,19.0,8.0,2021-09-24 00:00:00,86884.77,695078.19
9361.0,83.0,6.0,15.0,2020-10-30 00:00:00,182569.72,2738545.74
9362.0,19.0,2.0,7.0,2021-06-09 00:00:00,172078.36,1204548.54
9367.0,34.0,9.0,10.46,2022-10-18 00:00:00,108508.64,1134737.36
9370.0,16.0,15.0,12.0,2023-03-17 00:00:00,109120.13,1309441.52
9372.0,88.0,20.0,16.0,2021-04-26 00:00:00,232627.99,3722047.83
9374.0,55.0,20.0,21.0,2023-08-24 00:00:00,232918.06,4891279.25
9375.0,35.0,19.0,14.0,2021-04-18 00:00:00,95200.0,1332800.0
9376.0,57.0,5.0,7.0,2022-04-07 00:00:00,76862.53,538037.72
9377.0,52.0,5.0,13.0,2024-07-20 00:00:00,78246.71,1017207.18
9378.0,49.0,6.0,10.63,2023-08-05 00:00:00,179200.0,1904186.15
9379.0,94.0,20.0,14.0,2023-12-18 00:00:00,224000.0,3136000.0
9382.0,80.0,15.0,9.97,2021-04-03 00:00:00,93791.3,935484.76
9386.0,32.0,9.0,16.0,2023-01-22 00:00:00,119017.79,1904284.72
9387.0,68.0,7.0,16.0,2022-06-06 00:00:00,144767.66,2316282.63
9389.0,66.0,14.0,7.0,2024-01-18 00:00:00,133006.32,931044.21
9391.0,82.0,3.0,2.0,2024-04-03 00:00:00,91943.69,183887.38
9394.0,49.0,19.0,5.0,2024-01-18 00:00:00,87294.93,436474.66
9395.0,73.0,1.0,13.0,2022-07-06 00:00:00,135250.93,1758262.05
9397.0,92.0,12.0,10.4,2021-02-18 00:00:00,78360.37,815244.5
9399.0,23.0,17.0,3.0,2022-09-27 00:00:00,161831.87,485495.61
9401.0,71.0,4.0,5.0,2022-10-22 00:00:00,132333.25,661666.24
9402.0,74.0,3.0,16.0,2023-05-12 00:00:00,95840.83,1533453.28
9404.0,87.0,11.0,14.0,2021-11-18 00:00:00,151079.99,2115119.92
9406.0,57.0,3.0,5.0,2023-01-28 00:00:00,95588.8,477943.98
9407.0,40.0,20.0,9.0,2024-02-09 00:00:00,216923.81,1952314.28
9409.0,20.0,9.0,4.0,2023-07-05 00:00:00,115338.92,461355.69
9410.0,51.0,15.0,9.97,2023-11-02 00:00:00,104179.04,1039093.21
9411.0,3.0,7.0,1.0,2024-05-31 00:00:00,142428.63,142428.63
9414.0,22.0,15.0,18.0,2023-12-21 00:00:00,107240.63,1930331.4
9417.0,17.0,18.0,10.0,2022-02-02 00:00:00,124227.79,1242277.89
9424.0,20.0,2.0,10.58,2024-01-04 00:00:00,151447.07,1601932.58
9427.0,32.0,1.0,12.0,2021-05-10 00:00:00,130545.62,1566547.39
9429.0,85.0,10.0,14.0,2022-05-16 00:00:00,96844.38,1355821.36
9431.0,22.0,7.0,1.0,2023-11-17 00:00:00,151200.0,151200.0
9432.0,13.0,1.0,5.0,2023-04-22 00:00:00,150944.14,754720.72
9435.0,8.0,13.0,18.0,2021-08-08 00:00:00,180271.56,3244888.14
9439.0,4.0,6.0,9.0,2021-05-07 00:00:00,194506.39,1750557.54
9446.0,19.0,1.0,8.0,2024-12-05 00:00:00,127792.94,1022343.56
9450.0,37.0,16.0,6.0,2022-04-10 00:00:00,104148.87,624893.24
9456.0,20.0,10.0,13.0,2022-02-09 00:00:00,90084.44,1171097.68
9457.0,11.0,1.0,2.0,2024-03-19 00:00:00,145813.68,291627.36
9458.0,83.0,9.0,10.46,2022-04-26 00:00:00,104176.53,1089433.96
9459.0,69.0,11.0,13.0,2022-06-08 00:00:00,163487.81,2125341.55
9461.0,20.0,2.0,6.0,2022-02-05 00:00:00,172479.78,1034878.71
9465.0,50.0,7.0,11.0,2022-10-30 00:00:00,149401.21,1643413.28
9466.0,27.0,2.0,5.0,2021-05-21 00:00:00,156036.71,780183.57
9467.0,76.0,7.0,10.41,2021-03-06 00:00:00,154672.9,1610272.92
9469.0,30.0,16.0,20.0,2023-06-25 00:00:00,110717.08,2214341.58
9470.0,90.0,18.0,2.0,2023-07-05 00:00:00,126429.11,252858.22
9473.0,68.0,20.0,17.0,2022-03-07 00:00:00,213367.19,3627242.18
9477.0,81.0,15.0,12.0,2023-07-24 00:00:00,95885.47,1150625.58
9482.0,67.0,18.0,5.0,2023-01-10 00:00:00,136655.51,683277.54
9486.0,81.0,2.0,10.58,2022-02-05 00:00:00,159474.92,1686847.13
9487.0,19.0,4.0,1.0,2022-11-24 00:00:00,132754.87,132754.87
9490.0,89.0,17.0,6.0,2024-03-17 00:00:00,155574.66,933447.98
9492.0,14.0,18.0,10.0,2024-08-15 00:00:00,139645.1,1396451.03
9494.0,68.0,18.0,4.0,2021-02-12 00:00:00,126903.74,507614.95
9496.0,53.0,10.0,13.0,2021-11-11 00:00:00,97055.86,1261726.14
9503.0,54.0,7.0,10.41,2023-07-14 00:00:00,154609.36,1609611.45
9511.0,24.0,20.0,14.0,2021-10-09 00:00:00,214106.26,2997487.63
9512.0,93.0,13.0,11.0,2020-04-12 00:00:00,197714.16,2174855.73
9514.0,36.0,8.0,18.0,2022-08-24 00:00:00,142839.11,2571103.92
9515.0,91.0,17.0,14.0,2024-05-10 00:00:00,170837.88,2391730.3
9516.0,11.0,1.0,19.0,2021-12-01 00:00:00,134033.31,2546632.8
9517.0,63.0,1.0,5.0,2022-12-04 00:00:00,134318.55,671592.74
9518.0,75.0,18.0,10.97,2024-07-17 00:00:00,144004.12,1580422.58
9522.0,31.0,16.0,8.0,2021-09-06 00:00:00,97041.9,776335.18
9523.0,85.0,9.0,5.0,2023-08-05 00:00:00,119422.87,597114.37
9526.0,48.0,11.0,20.0,2022-03-06 00:00:00,143419.06,2868381.2
9527.0,91.0,12.0,10.4,2024-04-15 00:00:00,89853.8,934819.67
9530.0,95.0,5.0,13.0,2021-05-10 00:00:00,77635.88,1009266.4
9531.0,95.0,18.0,8.0,2022-08-14 00:00:00,131888.0,1055103.97
9533.0,24.0,8.0,11.0,2024-08-10 00:00:00,137078.78,1507866.59
9534.0,98.0,10.0,19.0,2024-08-13 00:00:00,81249.69,1543744.15
9535.0,70.0,13.0,2.0,2022-09-06 00:00:00,191947.12,383894.24
9538.0,80.0,17.0,4.0,2021-08-01 00:00:00,160709.75,642839.01
9539.0,1.0,20.0,4.0,2023-03-18 00:00:00,230497.2,921988.82
9545.0,41.0,10.0,7.0,2024-07-17 00:00:00,89600.0,627200.0
9546.0,97.0,9.0,10.46,2023-10-20 00:00:00,121245.81,1267937.2
9547.0,58.0,9.0,5.0,2021-06-04 00:00:00,112380.57,561902.83
9552.0,97.0,1.0,6.0,2023-06-07 00:00:00,143917.59,863505.55
9553.0,7.0,19.0,6.0,2021-01-17 00:00:00,93348.83,560092.97
9555.0,20.0,18.0,9.0,2023-02-05 00:00:00,141728.24,1275554.19
9561.0,82.0,9.0,11.0,2021-08-05 00:00:00,114451.13,1258962.46
9567.0,93.0,6.0,13.0,2022-03-10 00:00:00,176803.81,2298449.56
9570.0,57.0,9.0,16.0,2021-07-18 00:00:00,104703.65,1675258.36
9571.0,36.0,8.0,20.0,2020-11-23 00:00:00,165337.93,3306758.57
9572.0,91.0,8.0,5.0,2023-08-25 00:00:00,152916.3,764581.49
9574.0,34.0,10.0,2.0,2021-10-24 00:00:00,89448.85,178897.7
9577.0,62.0,13.0,17.0,2021-11-28 00:00:00,180158.56,3062695.56
9579.0,13.0,1.0,12.0,2022-06-19 00:00:00,131074.21,1572890.47
9581.0,9.0,5.0,6.0,2022-08-10 00:00:00,77770.74,466624.45
9582.0,27.0,10.0,10.0,2023-08-01 00:00:00,97455.35,974553.49
9584.0,13.0,2.0,19.0,2024-06-24 00:00:00,159516.9,3030821.02
9587.0,43.0,4.0,4.0,2021-04-02 00:00:00,133244.8,532979.21
9595.0,90.0,15.0,9.97,2022-02-08 00:00:00,101929.08,1016651.87
9596.0,66.0,2.0,5.0,2021-05-23 00:00:00,164249.69,821248.46
9599.0,26.0,13.0,2.0,2021-03-05 00:00:00,196109.87,392219.75
9600.0,22.0,18.0,10.97,2023-11-09 00:00:00,131138.68,1439226.36
9602.0,51.0,4.0,19.0,2023-05-07 00:00:00,129442.24,2459402.63
9603.0,18.0,12.0,5.0,2024-07-09 00:00:00,90319.93,451599.67
9605.0,54.0,6.0,11.0,2023-05-30 00:00:00,185757.53,2043332.85
9609.0,50.0,20.0,18.0,2023-08-27 00:00:00,213381.79,3840872.18
9610.0,6.0,7.0,13.0,2022-08-07 00:00:00,149707.04,1946191.57
9611.0,9.0,18.0,1.0,2024-09-21 00:00:00,147425.25,147425.25
9613.0,29.0,17.0,18.0,2021-07-04 00:00:00,171136.34,3080454.04
9620.0,92.0,2.0,13.0,2024-09-22 00:00:00,165028.04,2145364.55
9626.0,14.0,13.0,10.0,2021-12-19 00:00:00,181093.47,1810934.68
9631.0,58.0,14.0,16.0,2024-01-05 00:00:00,119834.66,1917354.54
9632.0,28.0,4.0,14.0,2021-07-27 00:00:00,132423.38,1853927.25
9635.0,21.0,20.0,13.0,2021-05-11 00:00:00,224000.0,2912000.0
9636.0,90.0,20.0,11.0,2023-09-17 00:00:00,210832.36,2319155.93
9641.0,41.0,1.0,15.0,2023-09-01 00:00:00,140000.0,2100000.0
9643.0,69.0,5.0,16.0,2023-03-05 00:00:00,92289.89,1476638.18
9644.0,40.0,4.0,16.0,2024-11-07 00:00:00,123200.0,1971200.0
9645.0,12.0,1.0,9.0,2022-05-08 00:00:00,141301.5,1271713.47
9652.0,27.0,1.0,8.0,2021-11-10 00:00:00,140000.0,1120000.0
9654.0,32.0,15.0,8.0,2023-08-09 00:00:00,106505.4,852043.19
9667.0,31.0,9.0,13.0,2023-02-18 00:00:00,105601.74,1372822.62
9669.0,75.0,18.0,9.0,2022-09-22 00:00:00,134455.53,1210099.8
9670.0,91.0,20.0,11.0,2021-06-26 00:00:00,208022.57,2288248.29
9673.0,15.0,8.0,18.0,2022-05-16 00:00:00,152691.82,2748452.72
9674.0,98.0,15.0,19.0,2024-03-10 00:00:00,102874.44,1954614.44
9680.0,73.0,2.0,2.0,2024-07-07 00:00:00,165336.76,330673.53
9683.0,88.0,14.0,16.0,2024-06-21 00:00:00,120883.5,1934135.96
9685.0,21.0,16.0,10.47,2022-05-03 00:00:00,103593.65,1085007.22
9686.0,16.0,2.0,19.0,2024-01-16 00:00:00,161034.25,3059650.73
9687.0,44.0,12.0,7.0,2021-09-23 00:00:00,92262.84,645839.86
9692.0,92.0,17.0,10.97,2021-12-08 00:00:00,163488.08,1793414.69
9704.0,94.0,1.0,7.0,2021-11-09 00:00:00,153149.21,1072044.44
9705.0,13.0,12.0,21.0,2024-01-07 00:00:00,77572.53,1629023.1
9706.0,13.0,4.0,14.0,2020-11-08 00:00:00,125549.41,1757691.7
9707.0,34.0,9.0,10.0,2024-10-08 00:00:00,111345.79,1113457.94
9711.0,51.0,11.0,11.06,2023-02-16 00:00:00,156800.0,1734316.76
9712.0,83.0,8.0,18.0,2022-07-10 00:00:00,158101.28,2845823.1
9713.0,22.0,2.0,12.0,2023-03-06 00:00:00,165003.59,1980043.13
9716.0,67.0,16.0,3.0,2020-11-12 00:00:00,97593.52,292780.55
9718.0,75.0,20.0,13.0,2023-08-03 00:00:00,239971.01,3119623.17
9720.0,98.0,4.0,18.0,2024-10-09 00:00:00,132589.24,2386606.24
9721.0,56.0,12.0,12.0,2022-03-27 00:00:00,86196.28,1034355.37
9722.0,80.0,13.0,10.73,2021-09-22 00:00:00,212422.38,2279182.42
9723.0,39.0,10.0,12.0,2023-12-24 00:00:00,81716.53,980598.37
9724.0,25.0,2.0,20.0,2021-06-06 00:00:00,181424.34,3628486.81
9725.0,49.0,14.0,7.0,2024-10-14 00:00:00,117512.52,822587.63
9728.0,43.0,19.0,14.0,2023-09-09 00:00:00,89641.41,1254979.77
9729.0,42.0,4.0,11.0,2023-06-22 00:00:00,111225.37,1223479.07
9730.0,33.0,18.0,2.0,2024-08-21 00:00:00,121420.82,242841.64
9732.0,90.0,8.0,12.0,2020-12-27 00:00:00,157101.54,1885218.51
9733.0,94.0,6.0,11.0,2022-01-25 00:00:00,179575.77,1975333.45
9736.0,67.0,4.0,6.0,2022-11-09 00:00:00,128843.65,773061.89
9737.0,32.0,17.0,8.0,2023-06-14 00:00:00,157484.38,1259875.05
9743.0,84.0,17.0,5.0,2022-12-18 00:00:00,179960.61,899803.04
9744.0,84.0,5.0,10.33,2023-01-18 00:00:00,84000.0,867645.57
9746.0,72.0,11.0,5.0,2022-04-17 00:00:00,161506.52,807532.62
9747.0,39.0,6.0,21.0,2024-09-25 00:00:00,179200.0,3763200.0
9752.0,24.0,19.0,9.0,2023-12-18 00:00:00,91636.48,824728.31
9756.0,92.0,5.0,19.0,2023-07-05 00:00:00,91975.86,1747541.25
9757.0,34.0,7.0,9.0,2024-01-02 00:00:00,151200.0,1360800.0
9759.0,68.0,20.0,12.0,2024-10-28 00:00:00,228362.82,2740353.86
9760.0,67.0,18.0,15.0,2024-02-05 00:00:00,123918.06,1858770.9
9762.0,15.0,3.0,12.0,2024-02-13 00:00:00,95769.74,1149236.87
9765.0,88.0,7.0,8.0,2022-02-08 00:00:00,165989.51,1327916.11
9767.0,57.0,6.0,6.0,2023-01-13 00:00:00,174359.81,1046158.87
9768.0,86.0,19.0,7.0,2023-05-30 00:00:00,90195.62,631369.35
9776.0,16.0,9.0,4.0,2023-01-13 00:00:00,101579.07,406316.28
9777.0,19.0,11.0,20.0,2023-01-09 00:00:00,154644.74,3092894.77
9780.0,41.0,3.0,20.0,2023-11-24 00:00:00,108959.0,2179179.95
9781.0,10.0,1.0,6.0,2023-09-22 00:00:00,134058.89,804353.35
9782.0,62.0,9.0,9.0,2021-08-12 00:00:00,115973.46,1043761.11
9784.0,18.0,6.0,16.0,2022-05-23 00:00:00,179200.0,2867200.0
9785.0,49.0,9.0,8.0,2021-05-30 00:00:00,120473.44,963787.53
9787.0,84.0,12.0,20.0,2021-07-05 00:00:00,88008.63,1760172.56
9790.0,85.0,1.0,8.0,2020-11-24 00:00:00,140678.8,1125430.42
9792.0,87.0,2.0,7.0,2023-06-02 00:00:00,183653.23,1285572.6
9793.0,50.0,13.0,13.0,2024-06-07 00:00:00,195445.33,2540789.34
9794.0,70.0,6.0,3.0,2022-08-07 00:00:00,165646.4,496939.2
9796.0,35.0,13.0,11.0,2021-10-29 00:00:00,185736.88,2043105.67
9797.0,63.0,1.0,11.0,2021-08-20 00:00:00,127062.43,1397686.74
9801.0,44.0,3.0,8.0,2022-02-23 00:00:00,99149.59,793196.69
9803.0,84.0,6.0,8.0,2021-04-06 00:00:00,166951.4,1335611.19
9804.0,6.0,12.0,14.0,2022-01-18 00:00:00,88242.98,1235401.67
9808.0,13.0,7.0,12.0,2023-11-06 00:00:00,140437.05,1685244.6
9809.0,62.0,10.0,19.0,2023-09-13 00:00:00,87322.04,1659118.74
9810.0,53.0,20.0,2.0,2021-05-24 00:00:00,210516.38,421032.76
9812.0,90.0,18.0,11.0,2023-05-30 00:00:00,127090.17,1397991.91
9813.0,36.0,3.0,10.05,2022-08-20 00:00:00,101477.16,1019743.09
9814.0,22.0,2.0,14.0,2021-06-06 00:00:00,158461.77,2218464.82
9819.0,42.0,2.0,11.0,2023-07-15 00:00:00,160651.41,1767165.54
9822.0,23.0,9.0,19.0,2023-06-03 00:00:00,120657.84,2292498.99
9824.0,92.0,10.0,6.0,2024-02-26 00:00:00,82587.63,495525.8
9825.0,3.0,18.0,12.0,2023-01-26 00:00:00,135970.95,1631651.4
9826.0,34.0,15.0,10.0,2022-11-02 00:00:00,104565.29,1045652.93
9829.0,8.0,7.0,11.0,2020-12-15 00:00:00,164113.15,1805244.67
9830.0,26.0,19.0,0.0,2024-08-02 00:00:00,90506.62,0.0
9831.0,51.0,19.0,9.0,2023-02-05 00:00:00,94195.09,847755.78
9832.0,49.0,9.0,18.0,2022-06-07 00:00:00,117753.37,2119560.59
9833.0,27.0,20.0,12.0,2023-03-09 00:00:00,210977.55,2531730.59
9834.0,90.0,14.0,10.57,2020-12-19 00:00:00,128800.0,1361964.36
9836.0,100.0,8.0,14.0,2022-12-11 00:00:00,136239.62,1907354.66
9838.0,10.0,17.0,6.0,2024-04-05 00:00:00,176760.85,1060565.09
9840.0,95.0,3.0,13.0,2022-04-25 00:00:00,105369.72,1369806.3
9841.0,96.0,9.0,10.46,2021-04-08 00:00:00,111011.81,1160914.45
9843.0,65.0,6.0,8.0,2022-06-13 00:00:00,179200.0,1433600.0
9845.0,56.0,19.0,1.0,2022-02-22 00:00:00,98834.52,98834.52
9846.0,38.0,19.0,8.0,2024-02-12 00:00:00,102493.31,819946.49
9847.0,42.0,7.0,17.0,2023-07-28 00:00:00,147940.33,2514985.64
9848.0,49.0,17.0,13.0,2021-01-16 00:00:00,173534.97,2255954.65
9849.0,69.0,8.0,8.0,2024-05-02 00:00:00,139794.13,1118353.01
9850.0,17.0,19.0,7.0,2024-05-19 00:00:00,101849.03,712943.23
9851.0,42.0,13.0,10.0,2021-06-15 00:00:00,203633.11,2036331.08
9854.0,51.0,13.0,10.73,2021-04-26 00:00:00,196000.0,2102978.72
9857.0,16.0,15.0,8.0,2021-07-04 00:00:00,90828.57,726628.58
9859.0,46.0,1.0,18.0,2023-05-07 00:00:00,139099.51,2503791.25
9860.0,76.0,6.0,19.0,2024-08-25 00:00:00,192549.42,3658439.02
9861.0,16.0,3.0,3.0,2022-06-08 00:00:00,92959.81,278879.43
9862.0,72.0,4.0,17.0,2024-03-26 00:00:00,115694.2,1966801.38
9863.0,7.0,16.0,5.0,2022-11-02 00:00:00,107833.38,539166.91
9864.0,66.0,20.0,19.0,2023-02-24 00:00:00,242823.71,4613650.56
9865.0,65.0,1.0,18.0,2024-03-03 00:00:00,134565.97,2422187.4
9867.0,42.0,8.0,12.0,2021-01-31 00:00:00,149032.72,1788392.61
9868.0,91.0,5.0,2.0,2021-09-15 00:00:00,87338.52,174677.03
9869.0,74.0,6.0,11.0,2022-06-04 00:00:00,162466.01,1787126.07
9871.0,54.0,2.0,10.58,2022-07-25 00:00:00,155577.9,1645626.44
9873.0,8.0,2.0,18.0,2021-02-21 00:00:00,168000.0,3024000.0
9876.0,59.0,3.0,10.05,2023-12-25 00:00:00,91252.97,917000.3
9879.0,77.0,13.0,2.0,2024-04-26 00:00:00,185514.13,371028.25
9881.0,41.0,4.0,14.0,2022-02-26 00:00:00,125491.22,1756877.11
9885.0,64.0,11.0,18.0,2024-05-23 00:00:00,163753.27,2947558.88
9889.0,89.0,7.0,20.0,2024-02-06 00:00:00,147563.49,2951269.72
9890.0,90.0,12.0,17.0,2021-08-07 00:00:00,89914.95,1528554.16
9895.0,58.0,16.0,10.0,2020-11-14 00:00:00,115877.33,1158773.32
9899.0,50.0,20.0,4.0,2024-07-06 00:00:00,238747.64,954990.54
9904.0,5.0,10.0,16.0,2023-04-01 00:00:00,81897.64,1310362.24
9917.0,46.0,15.0,14.0,2024-03-29 00:00:00,99972.78,1399618.85
9921.0,26.0,2.0,0.0,2022-11-02 00:00:00,167319.78,0.0
9922.0,94.0,13.0,21.0,2021-08-07 00:00:00,206763.59,4342035.44
9924.0,3.0,1.0,12.0,2023-11-07 00:00:00,143120.34,1717444.04
9927.0,60.0,20.0,10.0,2024-04-05 00:00:00,212859.89,2128598.93
9928.0,53.0,18.0,15.0,2023-10-30 00:00:00,121659.92,1824898.79
9933.0,27.0,13.0,14.0,2021-10-06 00:00:00,181247.54,2537465.54
9934.0,45.0,4.0,2.0,2022-06-16 00:00:00,135392.84,270785.68
9936.0,87.0,7.0,3.0,2021-07-21 00:00:00,150616.87,451850.6
9937.0,14.0,8.0,17.0,2021-03-27 00:00:00,159165.62,2705815.46
9938.0,91.0,7.0,20.0,2022-01-04 00:00:00,149912.22,2998244.35
9942.0,65.0,17.0,18.0,2024-08-07 00:00:00,170767.93,3073822.68
9944.0,72.0,3.0,13.0,2023-08-05 00:00:00,102730.29,1335493.81
9946.0,58.0,4.0,20.0,2022-09-02 00:00:00,132264.16,2645283.25
9947.0,9.0,8.0,10.56,2022-10-23 00:00:00,146171.45,1543735.49
9949.0,83.0,13.0,17.0,2021-04-12 00:00:00,203389.53,3457622.05
9950.0,25.0,19.0,11.0,2024-08-01 00:00:00,100749.24,1108241.65
9951.0,36.0,19.0,17.0,2024-03-18 00:00:00,98938.6,1681956.25
9953.0,53.0,18.0,17.0,2023-09-03 00:00:00,128034.06,2176578.96
9955.0,13.0,14.0,20.0,2022-06-25 00:00:00,134200.39,2684007.87
9956.0,86.0,1.0,2.0,2021-03-06 00:00:00,152184.51,304369.01
9957.0,14.0,14.0,0.0,2024-03-12 00:00:00,128800.0,0.0
9958.0,80.0,11.0,21.0,2023-08-02 00:00:00,153658.26,3226823.49
9965.0,83.0,20.0,7.0,2022-12-18 00:00:00,223229.47,1562606.28
9969.0,54.0,20.0,9.0,2021-01-04 00:00:00,212816.57,1915349.17
9970.0,81.0,3.0,15.0,2024-07-01 00:00:00,90909.3,1363639.43
9972.0,98.0,9.0,3.0,2023-03-15 00:00:00,116724.1,350172.29
9974.0,24.0,11.0,18.0,2022-05-18 00:00:00,166299.11,2993383.97
9975.0,80.0,17.0,18.0,2020-02-11 00:00:00,164306.36,2957514.41
9977.0,19.0,14.0,15.0,2022-06-13 00:00:00,140024.23,2100363.42
9979.0,37.0,8.0,14.0,2022-05-14 00:00:00,151200.0,2116800.0
9980.0,91.0,19.0,21.0,2023-01-09 00:00:00,102977.92,2162536.42
9981.0,80.0,11.0,3.0,2021-06-04 00:00:00,167255.45,501766.34
9983.0,80.0,15.0,8.0,2023-12-25 00:00:00,100800.0,806400.0
9984.0,93.0,9.0,3.0,2024-06-08 00:00:00,104687.32,314061.95
9986.0,14.0,8.0,13.0,2023-10-24 00:00:00,144652.47,1880482.06
9988.0,67.0,18.0,2.0,2021-11-11 00:00:00,123302.29,246604.58
9989.0,17.0,17.0,6.0,2021-03-03 00:00:00,173332.62,1039995.75
9990.0,82.0,4.0,2.0,2021-07-30 00:00:00,123200.0,246400.0
9992.0,57.0,6.0,16.0,2023-10-09 00:00:00,195647.86,3130365.81
9993.0,62.0,3.0,3.0,2023-06-05 00:00:00,95650.13,286950.38
9994.0,6.0,3.0,14.0,2023-03-31 00:00:00,100551.72,1407724.13
9997.0,39.0,2.0,9.0,2021-05-17 00:00:00,159518.6,1435667.38
